,name,pred,real,tm_vec_output,tm_score,split_name
0,1eteA,RCKCTFDTNPITNNYDQKIHALLAVLDLDMPYTLPANVHEDHICQGLWNLYHFHRQCQRLMHEAGEELRGLIKEVYKSISFVQSCSVKPPPANIKFETVSISTVLRQAKQDVEQYYPYITKRDLSGCLLIKSED,TQDCSFQHSPISSDFAVKIRELSDYLLQDYPVTVASNLQDDELCGGLWRLVLAQRWMERLKTVAGSKMQGLLERVNTEIHFVTKCAFQPPPSCLRFVQTNISRLLQETSEQLVALKPWITRQNFSRCLELQCQP,[0.54247594],0.7716496529428611,ts50
1,1v7mV,EAHCFRNNLLLDAQSERTRLRQIPDVTPAPVPIEVAQMIRNLGDYRQVARIHRKHILLASVRLLVRGINAAAGVLGKDELTLLLGAIKGLVCVVVAALRNRLGARYPVHGAVETVKDPRQIFYALRHLLRGLLRENVELGGDQFQ,CDLRVLSKLLRDSHVLHSRLSQCPEVHPLPTPVLLPAVDFSLGEWKTQMEETKAQDILGAVTLLLEGVMAARGQLGPTCLSSLLGQLSGQVRLLLGALQSLLGTQLPPQGRTTAHKDPNAIFLSFQHLLRGKVRFLMLVGGSTLC,[0.42505857],0.2804492980918225,ts50
2,1y1lA,AVLFVDLHNLILSDIAVALFNRKAKVLSADSAGVQDTANVSADTGQLLARRGLNAEDAPTTVADVNLEQFELIVVIASHSRAVAIPTPLPMLSIRIDDPRGRSNGMVQSACEEVEEFVRRLCGC,KVLFVCIHNTARSVMAEALFNAMAKSWKAESAGVEKAERVDETVKRLLAERGLKAKEKPRTVDEVNLDDFDLIVTVCEESSCVVLPTDKPVTRWHIENPAGKDEGTYRRVLAEIEERVKKLVGE,[0.9600137],0.9125683350147323,ts50
3,3pivA,CTHLGNFNKVHKKALGYLRHMGGEFSKLKLPFPWSLFRKMQRASNGTQVRFIVHVYQEIINLLNILSHMESTNWNIQIVSRLLNLLKQKSVNLKDCVEELDEPAKKDLYQATQRQWFQQVIGYLNERNYSKMAWQQCRTTVKHYLELLHVIAQKAL,CEWLGRYRIITTESLNLLKNMGGKYADLETPFPSRLYTLMDKSKVEDQVKFLVLTLDHIIHLMDAREHMNSVNWDQNTVEDFLNILHRKSSDLKECVARYAKPAHKESYEIRIKRHFRTLKKILKKKQYSAEAWEQIRRVVKSHLQRMDIIASNAR,[0.915451],0.9386899336486547,ts50
4,1eteA,RQACDYSKNPIRESYSDTIAKLLARLDIDSPTTEPKNVKRNADCYGLFWLYHFTEQHIQLTKSAGQDLIGLIESVLDCVSFVFDCDIAPPPDEIQFEKVSIARVYSRAKASKRDLRPWITTLDFSGCLAIRSQF,TQDCSFQHSPISSDFAVKIRELSDYLLQDYPVTVASNLQDDELCGGLWRLVLAQRWMERLKTVAGSKMQGLLERVNTEIHFVTKCAFQPPPSCLRFVQTNISRLLQETSEQLVALKPWITRQNFSRCLELQCQP,[0.5263203],0.22760735564476628,ts50
5,1v7mV,DEIAILYGLRSETKALRERLEEVPAVTPAPVPIQVSELTDKAGDWVEVDNDTRLRVLLGEVQTLRHSVRRLAGVLGDSALTRLLGTINGLALTAVAALAQRLGNLVPAHGAIQTHRDPRLIFDAFRHLLSGLMRLNVEEGGESLG,CDLRVLSKLLRDSHVLHSRLSQCPEVHPLPTPVLLPAVDFSLGEWKTQMEETKAQDILGAVTLLLEGVMAARGQLGPTCLSSLLGQLSGQVRLLLGALQSLLGTQLPPQGRTTAHKDPNAIFLSFQHLLRGKVRFLMLVGGSTLC,[0.59583855],0.20411258468407312,ts50
6,1y1lA,SILFVDRTNAILAVIAKALFNQRAETRTAKCAGVAHTKNVSNFAGALLAEYGLTAVDRPVVIAEINLDSFGLIVIISRANSAVSLPTPLPHRHVYIADPTGTSSGWFAKACQQVNEYVKELTGE,KVLFVCIHNTARSVMAEALFNAMAKSWKAESAGVEKAERVDETVKRLLAERGLKAKEKPRTVDEVNLDDFDLIVTVCEESSCVVLPTDKPVTRWHIENPAGKDEGTYRRVLAEIEERVKKLVGE,[0.9376734],0.8994335486665243,ts50
7,3pivA,CHHLELYESIHIQTLGYLEKMGGAFIALKMPFPWSLFRTMLEADTEQQVRFIVQTHDSIIRLMDSFNYMRSTDWDPQIIKRLVNILRESSDSLLVCVRELEQPESTLQFEKKLTSHFRYVAGHLKKEDHSKQAWQQLRTAVREHLAHLYEVAKKAF,CEWLGRYRIITTESLNLLKNMGGKYADLETPFPSRLYTLMDKSKVEDQVKFLVLTLDHIIHLMDAREHMNSVNWDQNTVEDFLNILHRKSSDLKECVARYAKPAHKESYEIRIKRHFRTLKKILKKKQYSAEAWEQIRRVVKSHLQRMDIIASNAR,[0.8983364],0.9325245221189515,ts50
8,1eteA,VTRCYFTENPISTDYSEVIEKLLSHLSKSLPTTLPANLKYNANCWGLVYLYWFMQQLQKLMAKAGPKLRGLVQSVYQRVSFIDDCAIKPPPDDIKFVRVAIATVLDFAVFWIKQLQPWITTFDFSGCLTIRSEG,TQDCSFQHSPISSDFAVKIRELSDYLLQDYPVTVASNLQDDELCGGLWRLVLAQRWMERLKTVAGSKMQGLLERVNTEIHFVTKCAFQPPPSCLRFVQTNISRLLQETSEQLVALKPWITRQNFSRCLELQCQP,[0.61534333],0.3220316488244347,ts50
9,1v7mV,ADEAVLEDLRSQLWLLMERLKDIPDVVPAPVPINVARRDSKLGNFQTISSQDRRAVLLRRLMMLRDSIEAAAGTLGSDTLVALLGEIDGLAMRALGALSDALGRDLPTAGDVQTFRDPYKIFLAFRHLLHGLASQTVEEGGMNFG,CDLRVLSKLLRDSHVLHSRLSQCPEVHPLPTPVLLPAVDFSLGEWKTQMEETKAQDILGAVTLLLEGVMAARGQLGPTCLSSLLGQLSGQVRLLLGALQSLLGTQLPPQGRTTAHKDPNAIFLSFQHLLRGKVRFLMLVGGSTLC,[0.62884736],0.5144661783351472,ts50
10,1y1lA,SVLIVDDVNTILSNIAKALFNALSEERSARDAGFSFQDWVSAQCGRYLAQKGLRASTQPVTISEIDLRDFGLIVVIASEGGAVEIPTPLPYTTLHIVDPRGQNSGKVQKAAFQIERFVKELTGD,KVLFVCIHNTARSVMAEALFNAMAKSWKAESAGVEKAERVDETVKRLLAERGLKAKEKPRTVDEVNLDDFDLIVTVCEESSCVVLPTDKPVTRWHIENPAGKDEGTYRRVLAEIEERVKKLVGE,[0.9373184],0.9440760540627319,ts50
11,3pivA,CAHLEHYEDVYIVSLGYLERMGGAFADLTLPFPDDVFKRMNRAPRGTQVRFIVRVHDEIIDLLNHWEHMQATSYDPVVVQKLRNILREYCSQLQQCVQTLNTPQEIPEAEKKAQQHFNYVEGYLKKNNYSAEAWNQCRATVERCLRHLNVIADKAA,CEWLGRYRIITTESLNLLKNMGGKYADLETPFPSRLYTLMDKSKVEDQVKFLVLTLDHIIHLMDAREHMNSVNWDQNTVEDFLNILHRKSSDLKECVARYAKPAHKESYEIRIKRHFRTLKKILKKKQYSAEAWEQIRRVVKSHLQRMDIIASNAR,[0.80030644],0.9253841900751824,ts50
12,1eteA,LVKCSYQENPIDDNYTYKFSELLAQLDANKPCTLPANIKPDWACYGMYYLYHFSQQLTQLMENAGKDLQGLVAKVTQSVHYVQDCSIEPPPSQIQFRTVDIQTLTAQCQVACKTLKPKITTQDFSGCLTIKAVG,TQDCSFQHSPISSDFAVKIRELSDYLLQDYPVTVASNLQDDELCGGLWRLVLAQRWMERLKTVAGSKMQGLLERVNTEIHFVTKCAFQPPPSCLRFVQTNISRLLQETSEQLVALKPWITRQNFSRCLELQCQP,[0.63963515],0.7625569801020144,ts50
13,1v7mV,VDSDTMERLKIDCRTLATRLGQVPDVVPAPVPISVAHMDRDLGDYREIDREERMRQLLARINCLLQGVNRIAGQLGNSELARLLGAIGGLSDQAVGALRRKLGEERPVAGRVETHRDPYRIFNTFDHLLSGLLRRNVTDGGRRFN,CDLRVLSKLLRDSHVLHSRLSQCPEVHPLPTPVLLPAVDFSLGEWKTQMEETKAQDILGAVTLLLEGVMAARGQLGPTCLSSLLGQLSGQVRLLLGALQSLLGTQLPPQGRTTAHKDPNAIFLSFQHLLRGKVRFLMLVGGSTLC,[0.6268969],0.22140375865172365,ts50
14,1y1lA,MVLFTDNTNRVLSNIAHTVFNALCEVLRASDAGVQSTAFVSANAGALLARKGLTSEARPRSIKKIDLEKFSLIVVIASKDGAVRVPTPLPKLAVRIFDPSGKSSGTVRPAAQRVEEWVRKFCGD,KVLFVCIHNTARSVMAEALFNAMAKSWKAESAGVEKAERVDETVKRLLAERGLKAKEKPRTVDEVNLDDFDLIVTVCEESSCVVLPTDKPVTRWHIENPAGKDEGTYRRVLAEIEERVKKLVGE,[0.9259134],0.8498447133975796,ts50
15,3pivA,CHHLDNYEKVHVQALGYLANMGGAFAALILPFPDELFERMLDAHSDSQVRFIVLTTDQIIGLLQVEHNMKSTDWNPEIVENLITILATKCKRLKVCVSHTTKPAETRDFRVEVWRLYKFIRGHLEREKYSNQAWQQVRTTVKRFLNRLNLIAKQCH,CEWLGRYRIITTESLNLLKNMGGKYADLETPFPSRLYTLMDKSKVEDQVKFLVLTLDHIIHLMDAREHMNSVNWDQNTVEDFLNILHRKSSDLKECVARYAKPAHKESYEIRIKRHFRTLKKILKKKQYSAEAWEQIRRVVKSHLQRMDIIASNAR,[0.9179408],0.958780771105788,ts50
16,1or4A,GHKFFSHDRRRSKDRIQLSDKSQYVKTDLERIQLNDKTLGVCAQLAPLVRENWKSIVDAWFDFLHNNREIMDRILRHGSKSSLKKEFRYMLLSLFTGTVNDQWVQNMKAIGAFLRHVGLTYDFYKKAWQVVRAMFTAIVEKHITDPAERARAINAHRRVLALHRKCVHL,ETAYFSDSNGQQKNRIQLTNKHADVKKQLKMVRLGDAELYVLEQLQPLIQENIVNIVDAFYKNLDHESSLMDIINDHSSVDRLKQTLKRHIQEMFAGVIDDEFIEKRNRIASIHLRIGLLPKWYMGAFQELLLSMIDIYEASITNQQELLKAIKATTKILNLEQQLVLE,[0.90799224],0.8674831117876672,ts50
17,2i39A,TALCNLIWDAILYARDSSHAEWNREFDKLQELDGLVAEGEVEQLVAKCKEQDSAGPAKDYLNKPVNSIRDAIRKVAVLRLFAHGLGEDSKLDWWELFEVLIQRVRHYFRWLNRHLFG,SHMRTLLIRYILWRNDNDQTYYNDDFKKLMLLDELVDDGDVCTLIKNMRMTLSDGPLLDRLNQPVNNIEDAKRMIAISAKVARDIGERSEIRWEESFTILFRMIETYFDDLMIDLYG,[0.49715316],0.17938797753208446,ts50
18,4gcnA,ANAASQKGQEHLKKGEEAYAEENFGEAVRYFSAAIKHDGAMVEYYLAQARVYFRENKYELCVAFCEKAIKIGRAERADMGLVAKALYLAGAAYLQLNDRASAVKMYERALALEHDPELRKFVAELRR,SNAMTDAAIAEKDLGNAAYKQKDFEKAHVHYDKAIELDPSNITFYNNKAAVYFEEKKFAECVQFCEKAVEVGRETRADYKLIAKAMSRAGNAFQKQNDLSLAVQWFHRSLSEFRDPELVKKVKELEK,[0.9264338],0.9520394486472524,ts50
19,1bvyF,GLWCVVAYGSQHGYAAGAAEFVADIFRAKGARPRVSPLGRLAGHLPKEGFTLIVTETIDGQPPPNAVEFVQYLAANQFATCRGVTHFVYGIGSKQRDNSYHTVPNHITESLQARGSNRVAPKGESDTDKNPWANFGEWFSQGLQSVSAFFEK,NTPLLVLYGSNMGTAEGTARDLADIAMSKGFAPQVATLDSHAGNLPREGAVLIVTASYNGHPPDNAKQFVDWLDQASADEVKGVRYSVFGCGDKNWATTYQKVPAFIDETLAAKGAENIADRGEADASDDFEGTYEEWREHMWSDVAAYFNL,[0.9741573],0.9516356137293123,ts50
20,1or4A,GKHYFTWDKAETKDRIKLSDVHADLTKTVQEYRLNDFTLGTAKQLRPLVEKYVDAIVHAWFKYLRRNRDVVEMIERHGSADEMKREWKSLLLSMFTGVIDNAFVDKMRVISNFMNHVGVGPDIFSAAYQIIEDVFSQIVRDNVHDPAERQRAIDACRTVIHLFRHLIEY,ETAYFSDSNGQQKNRIQLTNKHADVKKQLKMVRLGDAELYVLEQLQPLIQENIVNIVDAFYKNLDHESSLMDIINDHSSVDRLKQTLKRHIQEMFAGVIDDEFIEKRNRIASIHLRIGLLPKWYMGAFQELLLSMIDIYEASITNQQELLKAIKATTKILNLEQQLVLE,[0.8876166],0.8561148026433875,ts50
21,2i39A,HQLYELMIKHVLHARNEQFDVQNTIFETLRVFERLVARGEVEALIRRCRRQNSAGPLRDWLRRPVKDLEDACRMLAVLRLYASDVGEDAAIRWDRCFAILVRQTEKFFKWLQTHLFG,SHMRTLLIRYILWRNDNDQTYYNDDFKKLMLLDELVDDGDVCTLIKNMRMTLSDGPLLDRLNQPVNNIEDAKRMIAISAKVARDIGERSEIRWEESFTILFRMIETYFDDLMIDLYG,[0.49086833],0.19891386117727491,ts50
22,4gcnA,ATAASARAAAYLEKGQAAYEANNYDTALAFLTRAMNHDPRVVHFYLAIAEVYYKMNQYEECVRYCRQAITVGRRWHADVNQIATAAFLAGQAYLNLNDNDKAIDWFEQSQATVRDPELEQTVKSLRR,SNAMTDAAIAEKDLGNAAYKQKDFEKAHVHYDKAIELDPSNITFYNNKAAVYFEEKKFAECVQFCEKAVEVGRETRADYKLIAKAMSRAGNAFQKQNDLSLAVQWFHRSLSEFRDPELVKKVKELEK,[0.90111583],0.8824045938476665,ts50
23,1bvyF,AIKLVVLYGSATGVAEGIAQYIAEVFRQKGFDSHVAPLDAMAGHLPKQGAQLICVETYNGQPPHDASKFVEYLQGSREFDVRGVAYTVVGIGSKAHKTTYWTVSREIYQTLDARGPEEVSPMGYTDLSKDPFEGFTHWFAQGWQSQADHFTH,NTPLLVLYGSNMGTAEGTARDLADIAMSKGFAPQVATLDSHAGNLPREGAVLIVTASYNGHPPDNAKQFVDWLDQASADEVKGVRYSVFGCGDKNWATTYQKVPAFIDETLAAKGAENIADRGEADASDDFEGTYEEWREHMWSDVAAYFNL,[0.9735676],0.9263312607938103,ts50
24,1or4A,GSAYFTYDTQDTSNRINLSQKHEETKKALKRINLDDFTLGTAAQLRPLIAENWDRITHTFFSYLEQNRRIIELILKHGSWQDLQTDFREILLRVYSGVVDDKFVKNARTVAAFFRSIGVCPDVFRAEMQVVLQQFENIIHRTVNNAHERERAIEATQRIIELHQCLVND,ETAYFSDSNGQQKNRIQLTNKHADVKKQLKMVRLGDAELYVLEQLQPLIQENIVNIVDAFYKNLDHESSLMDIINDHSSVDRLKQTLKRHIQEMFAGVIDDEFIEKRNRIASIHLRIGLLPKWYMGAFQELLLSMIDIYEASITNQQELLKAIKATTKILNLEQQLVLE,[0.92320526],0.9082196289563057,ts50
25,2i39A,ISIVELIRNAVLWARDHLHTHDNEVFVKLRKFIGLVPEGEVNELIRQCRDSKSAGPLKQYLRRPVKSVEDCIRLVAVWRQCAKDIGWSAQIDFRLLFRIFFERCQAYFSAIDQHLYG,SHMRTLLIRYILWRNDNDQTYYNDDFKKLMLLDELVDDGDVCTLIKNMRMTLSDGPLLDRLNQPVNNIEDAKRMIAISAKVARDIGERSEIRWEESFTILFRMIETYFDDLMIDLYG,[0.5362868],0.23170143304025237,ts50
26,4gcnA,QDEASEKAQNYLQAGKAAYARDDYGAALKWLSRAVDYDSNRVAFYLKRGQVYYQMKEYTQCVRYCDRAIEVGMAEDADAGIVAKAQYLAGEAYLALNDQQRAVHWYQKGLALYSDPELQRQVADLKA,SNAMTDAAIAEKDLGNAAYKQKDFEKAHVHYDKAIELDPSNITFYNNKAAVYFEEKKFAECVQFCEKAVEVGRETRADYKLIAKAMSRAGNAFQKQNDLSLAVQWFHRSLSEFRDPELVKKVKELEK,[0.92562294],0.9723708168633519,ts50
27,1bvyF,SRPAVVAYGSRNGYARAAAKYFAKLAEARGFNSSVHPCATVAGNFPKEGATLIVTETWFGKPPGNAQRFVKHLERQTQSNCKGVKYTVFGIGSRQHDDTYFTVALFIYKRLAHRGGYRIAPRGITDMDQNPYVGYGQWFEAGWRAVETHFNG,NTPLLVLYGSNMGTAEGTARDLADIAMSKGFAPQVATLDSHAGNLPREGAVLIVTASYNGHPPDNAKQFVDWLDQASADEVKGVRYSVFGCGDKNWATTYQKVPAFIDETLAAKGAENIADRGEADASDDFEGTYEEWREHMWSDVAAYFNL,[0.96897423],0.9546612485502278,ts50
28,1or4A,GEHFFSFDRASSRRRIQLSDDHQKLEEVLAEIQLDDEQLGCAAQLRPLIKANTDDITRGFFEFLDKNAEIVRLIRHHGSFEQLEREFEKMLLSLFTGVVNDDFVVNMQQVAGFLKTIGLRFDYYCESLQVIQQHVEQVVKQHITNSAEQQAAIVAHERVIQLWEKLVHH,ETAYFSDSNGQQKNRIQLTNKHADVKKQLKMVRLGDAELYVLEQLQPLIQENIVNIVDAFYKNLDHESSLMDIINDHSSVDRLKQTLKRHIQEMFAGVIDDEFIEKRNRIASIHLRIGLLPKWYMGAFQELLLSMIDIYEASITNQQELLKAIKATTKILNLEQQLVLE,[0.90726],0.9655295887430615,ts50
29,2i39A,SQIRELCKDAVKWARDKQYAHYDECFDKLLKMERMVEKGQVEALITKCREEKSNIPLKQYLRKPVESIHDAIRKIAILMEFAKSIGRDADIHFEDLFQILLKQTSKFFAWIEQELEG,SHMRTLLIRYILWRNDNDQTYYNDDFKKLMLLDELVDDGDVCTLIKNMRMTLSDGPLLDRLNQPVNNIEDAKRMIAISAKVARDIGERSEIRWEESFTILFRMIETYFDDLMIDLYG,[0.48425567],0.19158111158927396,ts50
30,4gcnA,ADAASQAAQVYRTRGRACYAKGNYDAALEYLQAAIGHDPAQVEFYIKMAEVYHKMQEYSQCVGWCDRAIEVGRRTKADAGDIAKACYLAGAAYLRLNDADRSVAYYRQGLDTNDDPQLEKRVAALMK,SNAMTDAAIAEKDLGNAAYKQKDFEKAHVHYDKAIELDPSNITFYNNKAAVYFEEKKFAECVQFCEKAVEVGRETRADYKLIAKAMSRAGNAFQKQNDLSLAVQWFHRSLSEFRDPELVKKVKELEK,[0.9182159],0.9188369192395371,ts50
31,1bvyF,SFYLVVTYGSARGVARDIARWFADRFAARGFNATVFPCGAYAGAFPKRGFTVIVCETTNGKPPPNAQEFVNFLRDNEEGDLHGVRFTVFNIGDSAYDSDQHTVPVFIHTRLARRGGFRVSPQGTTDLDAKPTAGFGKWYESFFEHIADYFYT,NTPLLVLYGSNMGTAEGTARDLADIAMSKGFAPQVATLDSHAGNLPREGAVLIVTASYNGHPPDNAKQFVDWLDQASADEVKGVRYSVFGCGDKNWATTYQKVPAFIDETLAAKGAENIADRGEADASDDFEGTYEEWREHMWSDVAAYFNL,[0.959773],0.9140299985765544,ts50
32,3on9A,RTPNLIVIEVDMSPVRIADCKMNLGDVSTIKTDQITVVLTWTNCTPKITGGFYSVDNNVARSGFYTTNSLPQDSSTLCQIELTVKCKNGENNSTLQPQNNKYNYPFSSSVWITGNALQQLNVTIVFSDTNDPIINSDSVRYASNFVLNTSNIPPYDCDQK,GSFNSIDVEINMYPVNKTSCNSSIGSSSTISTSELTITLTHEDCTPVFIGDYYSVVDKLATSGFFTNDKVHQDLTTQCKINLEIKCNSGRESRQLTPTTKVYLMPHSETVTVVGDCLSNLDVYIVYANTDAIYSDMDVVAYHTSYILNVDHIPPNDCERD,[0.73922426],0.25979706373658046,ts50
33,3vjzA,LLTTIRIPDEAQTLDPKMRLAQVRASKQFHEVVVGDRAWRVYSREQCVACMFRYLESSVQNGGFVGLVATGYGDYVFQRPLADDLRRKQIHRVPAVLRDAQLLWLKHGSRIVAQAAQGADIPDLQRRFPEFDAQDDAFQEAARQDVPKLQKYKDANTEVFSVVQ,HMTALTLPEDIRQQEPSALLYTLVSAYLEHTAQTGDESLSCLSDDQHTLTAFCYLDSQVEEGGFVQLIASGYGEYIFRNPLADSLRRWKIKAVPKVLDKAKALYEQHGKTIETLADGGADIPSLRKQFPEFEEWDGAYYEAAEQDLPLLAEHIQSNWETFAHIG,[0.6166068],0.8219443663903703,ts50
34,3nbkA,VMSGAVVPGGFDPVTLADVHTWRMAASNYDRVIVAIIVDPKERGLFDTAERLAMVKQSCRRLPNVSVEEAHGLVHDHVKGQGFNHIVVGIRRGTDSQRLRRRAARWQKTAGVLVHFVTVEPQFSSVSARRALRRYRAGGDVSGQLPQPVVERLAAYAA,HMTGAVCPGSFDPVTLGHVDIFERAAAQFDEVVVAILVNPAKTGMFDLDERIAMVKESTTHLPNLRVQVGHGLVVDFVRSCGMTAIVKGLRTGTDFEYELQMAQMNKHIAGVDTFFVATAPRYSFVSSSLAKEVAMLGGDVSELLPEPVNRRLRDRLN,[0.9260299],0.9695421406555491,ts50
35,3l4rA,ANQGGLEKLSGKWHTVAKSSDQLALVQPNGRFHVQLKKLKCSNGHLHIVIAINQGGGFILFEWTLERTNQTNVYRLTWHGFNSVVIAECDPDRYLIVYMVRYRNKETHLVACLCIRDLSNREDYLPAFHEVCREIGLDRDQIVTLSPQDQC,EPQGGLEELSGRWHSVALASNKSDLIKPWGHFRVFIHSMSAKDGNLHGDILIPQDGQCEKVSLTAFKTATSNKFDLEYWGHNDLYLAEVDPKSYLILYMINQYNDDTSLVAHLMVRDLSRQQDFLPAFESVCEDIGLHKDQIVVLSDDDRC,[0.88072926],0.9545003542444246,ts50
36,3on9A,DMPNYIRIRVNMYPVEDVQCIMSLGNTSTISTSQYTVVLSWYNCQPKITGGYFTVRDHVAISGFFTDNSTPQDSSKLCQITVTVTCKNGRNPKKLSPINTRFRHPFQSTVRTVGSCFDRLHVRVIFKNHEQPRNDHDTVLYSTAAKLDWDNIPPRDCNQE,GSFNSIDVEINMYPVNKTSCNSSIGSSSTISTSELTITLTHEDCTPVFIGDYYSVVDKLATSGFFTNDKVHQDLTTQCKINLEIKCNSGRESRQLTPTTKVYLMPHSETVTVVGDCLSNLDVYIVYANTDAIYSDMDVVAYHTSYILNVDHIPPNDCERD,[0.61398715],0.12669311307141565,ts50
37,3vjzA,SQTKLTIPAEARKLGPEWYDAMVRATKVFRQVMVGDSDLEDYSRDQVVLTTFDYLTTTVQNGGFVGLIARGFGYYIFKQPLADSLRSKNIRAVPAVLDAARTLYRQYGNEICELAAAGANLGQLRRQYPEFRADDRAFHQASERDQPRLKKHRADHSGVFAHVL,HMTALTLPEDIRQQEPSALLYTLVSAYLEHTAQTGDESLSCLSDDQHTLTAFCYLDSQVEEGGFVQLIASGYGEYIFRNPLADSLRRWKIKAVPKVLDKAKALYEQHGKTIETLADGGADIPSLRKQFPEFEEWDGAYYEAAEQDLPLLAEHIQSNWETFAHIG,[0.502238],0.8019329941552531,ts50
38,3nbkA,SRTGAVVPGGFDPVTLAHVDIFRQAAARFDRVVVAITQNQHRRGVFDLSQRVQMVRESCQGLPNVSVEEAEGDIHDFVKSEGFNEIVIGLRTGSDVRKLRRDARKLRRIAGVAVHFVEVHPKYASVSSSQALQSYLHGGDVSNQLPQPVVKRLKRLKH,HMTGAVCPGSFDPVTLGHVDIFERAAAQFDEVVVAILVNPAKTGMFDLDERIAMVKESTTHLPNLRVQVGHGLVVDFVRSCGMTAIVKGLRTGTDFEYELQMAQMNKHIAGVDTFFVATAPRYSFVSSSLAKEVAMLGGDVSELLPEPVNRRLRDRLN,[0.9382897],0.9497437418849954,ts50
39,3l4rA,SPQGGLSSMSGTWHTVALASDEQELVEPHGAFRVFIYRLQCENGDLHMVIRVGLGGGFILIWYTAQRTALSYVYKLFYHGTNRLVIFEVDPAAYLICYYFRHYNDQSHIVAELCLRDLQQREEFLPDFRQVCRRIGLDKDQILTLSEEDRC,EPQGGLEELSGRWHSVALASNKSDLIKPWGHFRVFIHSMSAKDGNLHGDILIPQDGQCEKVSLTAFKTATSNKFDLEYWGHNDLYLAEVDPKSYLILYMINQYNDDTSLVAHLMVRDLSRQQDFLPAFESVCEDIGLHKDQIVVLSDDDRC,[0.8376175],0.9258482132256097,ts50
40,3on9A,GMPNYVMIEVQLHPVHESDCRQNLGKVSTITTDELTIVLSRDACTPVIVGGFYSVVNAIAKSGFYTDNSTPQDASTHCVINITVVCANGARASQLTPTNNKYRFPHRSRVTETGNCLERLNVNIIYHNWDQPTHNYDKVQYSTADKLDTADIPPFNCDQS,GSFNSIDVEINMYPVNKTSCNSSIGSSSTISTSELTITLTHEDCTPVFIGDYYSVVDKLATSGFFTNDKVHQDLTTQCKINLEIKCNSGRESRQLTPTTKVYLMPHSETVTVVGDCLSNLDVYIVYANTDAIYSDMDVVAYHTSYILNVDHIPPNDCERD,[0.5587347],0.14926516661765604,ts50
41,3vjzA,ESQRITIPAEVQTLGPSAYQHMITASDQFHKVVIGDTDFKTYSYAQAVLCMWNYLHTAVQNGGFVGLIATGFGEFIFDSPLAEALRELNIDRIPGVLNAARTLYERHGQEIRALAKQGADIGDLRRQYPEFRADDEAFRKAAQVDVPKLEHYKSRNVAVFRVIF,HMTALTLPEDIRQQEPSALLYTLVSAYLEHTAQTGDESLSCLSDDQHTLTAFCYLDSQVEEGGFVQLIASGYGEYIFRNPLADSLRRWKIKAVPKVLDKAKALYEQHGKTIETLADGGADIPSLRKQFPEFEEWDGAYYEAAEQDLPLLAEHIQSNWETFAHIG,[0.573064],0.8082864850960702,ts50
42,3nbkA,SRSGAVVPGGFDPVTRANIDLLRKAAARFDRVVVAIVVDPTIEGVFDEEERLKMVEESCKDLPNVQVEEAWGRHHDFVVSQGFAQIVIGLRVGSDRRRLHRKAHRFNYIAGVEVHFVQVAPRYSNVSSDSALRLFRRGGDISDKLPRPVVDRLQAHKR,HMTGAVCPGSFDPVTLGHVDIFERAAAQFDEVVVAILVNPAKTGMFDLDERIAMVKESTTHLPNLRVQVGHGLVVDFVRSCGMTAIVKGLRTGTDFEYELQMAQMNKHIAGVDTFFVATAPRYSFVSSSLAKEVAMLGGDVSELLPEPVNRRLRDRLN,[0.9362898],0.9478176729816832,ts50
43,3l4rA,TDHGGLEKLSGEWHTVALASDYWDLVEPDGRFRIQIHKLRVSDGDLCCTIEVSLGGGCMLVAMTARRTEQNHVYHLYYHGHNVLTIYWVDPNEYLITYMVNYRNKKTHIVALLIVRDLGQSHHFLPLFHKVCREIGLDQDQIVVLSREDRC,EPQGGLEELSGRWHSVALASNKSDLIKPWGHFRVFIHSMSAKDGNLHGDILIPQDGQCEKVSLTAFKTATSNKFDLEYWGHNDLYLAEVDPKSYLILYMINQYNDDTSLVAHLMVRDLSRQQDFLPAFESVCEDIGLHKDQIVVLSDDDRC,[0.8675167],0.9614300015647876,ts50
44,3on9A,GMPNFIRIQVQIHPVSESNCDMNLGETSTLSTQEYTIVLSWENCTPKITNGYFTVKRDIATSGFYSDNNIPQDSKVLCTIELTVACKAGQKPYLLHPQENQFRYPHEEQVEEVGNCYSRLDVEVIFANTDAPLHNSDRVRYSTNTRLDTDNIPPNDCWSQ,GSFNSIDVEINMYPVNKTSCNSSIGSSSTISTSELTITLTHEDCTPVFIGDYYSVVDKLATSGFFTNDKVHQDLTTQCKINLEIKCNSGRESRQLTPTTKVYLMPHSETVTVVGDCLSNLDVYIVYANTDAIYSDMDVVAYHTSYILNVDHIPPNDCERD,[0.554868],0.16957994723758624,ts50
45,3vjzA,LMTKIVIPPEVRHLPPDAYLAMVHATQRFEYVQVGDRTLRDFSYMQAVYTMFQYLHTSVRNGGFVGLIQTGFGHYIFNLPLADALRALNIFNIPAVLDDARTLWRQYGREIRALAKAGADISQLRKAYPEFREDDRAFQHAAQQDIPALRRYRKANGGVFNTIR,HMTALTLPEDIRQQEPSALLYTLVSAYLEHTAQTGDESLSCLSDDQHTLTAFCYLDSQVEEGGFVQLIASGYGEYIFRNPLADSLRRWKIKAVPKVLDKAKALYEQHGKTIETLADGGADIPSLRKQFPEFEEWDGAYYEAAEQDLPLLAEHIQSNWETFAHIG,[0.4429594],0.8629685912433636,ts50
46,3nbkA,SQSGAVVPGLFDPVTQAHIHTYRQAAARFDEVVVAIIQDRNRRGTFDLEERIRIVEESTSGLPNVSVEEGTGAIEDFVRSQGLNDVVLGLRVGTDQQRLERLARLYKKVAGVDVTFVRVQPDYGTVSSSKAVKRWKRGGDVSNQLPQPVVTQLKAYKG,HMTGAVCPGSFDPVTLGHVDIFERAAAQFDEVVVAILVNPAKTGMFDLDERIAMVKESTTHLPNLRVQVGHGLVVDFVRSCGMTAIVKGLRTGTDFEYELQMAQMNKHIAGVDTFFVATAPRYSFVSSSLAKEVAMLGGDVSELLPEPVNRRLRDRLN,[0.93328327],0.9446713723303156,ts50
47,3l4rA,HPQGGLERLSGRWHTVALSSDVMDLVQPHGVYHIELKKLKVKEGHLNIVIHVNKNGGYTLIHYTCIKTSESHVYYWYYHGFNILVIYECHPNRYLIVYMVNFRNSRTHLVGELEVRNLGDQEAFLPEFEAVCADIGLNSDQIVVLSAKDRS,EPQGGLEELSGRWHSVALASNKSDLIKPWGHFRVFIHSMSAKDGNLHGDILIPQDGQCEKVSLTAFKTATSNKFDLEYWGHNDLYLAEVDPKSYLILYMINQYNDDTSLVAHLMVRDLSRQQDFLPAFESVCEDIGLHKDQIVVLSDDDRC,[0.8633246],0.9580672515251062,ts50
48,3gwiA,AVRLAHAIDIEGKASKEVLEAAYLMAHWSTGQRNPINQAILTGTDHERARELVATWGHVDEIPYNDNRNVTAVVVATSNASYLLIVAGPLEAILDVCDYAEWNGQIIPLNDAMRSLVQAVCDSFKAQGLHVVAIAVRELPRRHGDFHRADCQNLVLLGYVAFLY,MIVLENHTDISGKTSERVLHSAWLNSHYQTGLKNLLDTAVLEGTDEESARSLASRWQKIDEIPFDFERRRMSVVVAENTEHHQLVCKGALQEILNVCSQVRHNGEIVPLDDIMLRKIKRVTDTLNRQGLRVVAVATKYLPAREGDYQRADESDLILEGYIAFLD,[0.7985879],0.9707982576025341,ts50
49,4dkcA,GIDCRVTGKLLELLEQKNIDRYMKKRFPWSFRIRVPPEGYFTRSDVVDLMAADVSNRELRHLWVCVGLYSCQAVLEVLCQGHPSYDYLQGVLDLLQVVLDGLTDVTISPTIRRHLTQLRAPGPWTYAVKPAELMDDLRNVLMLLYAAECRSSEVEACRGTE,NEECTVTGFLRDKLQYRSRLQYMKHYFPINYKISVPYEGVFRIANVTRLQRAQVSERELRYLWVLVSLSATESVQDVLLEGHPSWKYLQEVETLLLNVQQGLTDVEVSPKVESVLSLLNAPGPNLKLVRPKALLDNCFRVMELLYCSCCKQSSVLNWQDCE,[0.5762624],0.8239037090286109,ts50
50,3so6A,MEAKEFKLRHLGETEVDRPVGNALTEAAVARVVARAEASGKPLRDVVLIISPRGILITDAQTNAKIEWLPIEQISHHRSNERHERVFCLIAQRASNDHLTCEAFLCDTSAMAQQVAATVQQAKEVAHAYKRINMRPR,MEGMVFSLKYLGMTLVERPKGEELSAAAVKRIVATAKASGKKLQKVTLKVSPRGIILTDSLTSQLIENVSIYRISYCTADKMHDKVFAYIAQSQQNESLECHAFLCTKRKVAQAVTLTVAQAFKVAFEFWQVSLVPR,[0.89804906],0.9812756964869855,ts50
51,3lqcA,AEPANTYVVEAGNQWATECIRGTINSEEFQDWLQALLGTSTMSVVIRLEKSERILRVEVGSAGCQEIEIHVGKRKGGCGWNDFRKLLRRTAFQTPKQAELGQNPSRTRHFGPDRLVQNTAQRKWDIVRVICRCPTNRNSPFGLQFVRFYTP,PEIRLRHVVSCSSQDSTHCAENLLKADTYRKWRAAKAGEKTISVVLQLEKEEQIHSVDIGNDGSAFVEVLVGSSAGGAGEQDYEVLLVTSSFMSPSESRSGSNPNRVRMFGPDKLVRAAAEKRWDRVKIVCSQPYSKDSPFGLSFVRFHSP,[0.7958418],0.8664922354685018,ts50
52,3gwiA,TVELAYAIDIEGRQSRQVLDAAFLLADWSTGRQDGIMRAVLQGTEAAREARMTATWGRVDEIPFNELRKVVAVVVATHHARYILIVSGPLQRILAVCSYAELNGQIVPLDADMRDLVHAVTRNFRAAGLHVIAIAIKTLPAYTGHFYRDDLHDLVLLGFVAFRR,MIVLENHTDISGKTSERVLHSAWLNSHYQTGLKNLLDTAVLEGTDEESARSLASRWQKIDEIPFDFERRRMSVVVAENTEHHQLVCKGALQEILNVCSQVRHNGEIVPLDDIMLRKIKRVTDTLNRQGLRVVAVATKYLPAREGDYQRADESDLILEGYIAFLD,[0.79202604],0.9688847463662389,ts50
53,4dkcA,EWMCYVTGKLVELLAEKHIQRYCSAQFPRDFKISVPPEGYFTIANVRSLQRACVSREELQYLWVEVGLYSCEAVQAVLDEGHPCYAYLREVLKLLRQVLAGLKSIDVGPVVEDLLKRLHAPGPDTYKVRPSELLRKTRQVMHELYTEQCRTSSCEACQGAT,NEECTVTGFLRDKLQYRSRLQYMKHYFPINYKISVPYEGVFRIANVTRLQRAQVSERELRYLWVLVSLSATESVQDVLLEGHPSWKYLQEVETLLLNVQQGLTDVEVSPKVESVLSLLNAPGPNLKLVRPKALLDNCFRVMELLYCSCCKQSSVLNWQDCE,[0.5178378],0.7824465082575408,ts50
54,3so6A,MNAKTYRLQHLGELHVKTPVGTDITEQAVAKVVARARASGEPLRPVVLTISPQGILVKDQNTLQLIEYIHIEKIHHCDSNSHYDRVWCIICEFGVNESLICKAYRCQRHGQAERVARTVARAARVAALYEAVGKRPM,MEGMVFSLKYLGMTLVERPKGEELSAAAVKRIVATAKASGKKLQKVTLKVSPRGIILTDSLTSQLIENVSIYRISYCTADKMHDKVFAYIAQSQQNESLECHAFLCTKRKVAQAVTLTVAQAFKVAFEFWQVSLVPR,[0.8701238],0.9493904385301233,ts50
55,3lqcA,FAPSNTYVFKAGQADATECIAGCLESTEFLHWREAVRGTGARSIVVQLNEAQKITSVIVGNAGCEYIEVRVGRSSGGAGYNDFDPLLEEHSFQSPDQAMLGVNPRRRKYHGPDQLVSATAKRTWDRVLVTCRNPNNRNFPFGLEAIELHSP,PEIRLRHVVSCSSQDSTHCAENLLKADTYRKWRAAKAGEKTISVVLQLEKEEQIHSVDIGNDGSAFVEVLVGSSAGGAGEQDYEVLLVTSSFMSPSESRSGSNPNRVRMFGPDKLVRAAAEKRWDRVKIVCSQPYSKDSPFGLSFVRFHSP,[0.7016502],0.783181588271764,ts50
56,3gwiA,MTMLAYAINIRGKESKFVLSAAYLLAYYSKGYKDDIQRAILEGTDAAIAKELRARWGLVDEIPYDDERLVVAVVVAAHEDEWLLICAGPLEDVLAVCDHVKLNGEIIPLDDSMRRLIHRVTKTFRAAGLKVVAIAVKDLPRRAGDWRAADCRDLILLGFVAFRD,MIVLENHTDISGKTSERVLHSAWLNSHYQTGLKNLLDTAVLEGTDEESARSLASRWQKIDEIPFDFERRRMSVVVAENTEHHQLVCKGALQEILNVCSQVRHNGEIVPLDDIMLRKIKRVTDTLNRQGLRVVAVATKYLPAREGDYQRADESDLILEGYIAFLD,[0.8000048],0.9858631841698734,ts50
57,4dkcA,KWACDIVGKLIELLRLSNIDKYASQLFPEDFKINVPPEGRFRVSNVERLLDSNVSHRELRYLWVRVSLYAVHAVLSVLPAGHPSYSYLREVQRLLCVVRGGLTRVEVGPTVRRLLSQLNAPGPATYKIQPADLMRQCRGVMRELFSEQCKHTDERANKGWR,NEECTVTGFLRDKLQYRSRLQYMKHYFPINYKISVPYEGVFRIANVTRLQRAQVSERELRYLWVLVSLSATESVQDVLLEGHPSWKYLQEVETLLLNVQQGLTDVEVSPKVESVLSLLNAPGPNLKLVRPKALLDNCFRVMELLYCSCCKQSSVLNWQDCE,[0.5399868],0.8372955920634135,ts50
58,3so6A,MEAVVYHLRHLGEVRVDHPVGRHYTQTAVEQVVAAAKASGRPLSKVVLTISPRGILVENEASMKQIEFIDIAFIHFCDCNRQYSRVFCIIHKRHDDDKLTCRAYQCDARELAYQVAETVSRAAAVAKQFREVLMTPK,MEGMVFSLKYLGMTLVERPKGEELSAAAVKRIVATAKASGKKLQKVTLKVSPRGIILTDSLTSQLIENVSIYRISYCTADKMHDKVFAYIAQSQQNESLECHAFLCTKRKVAQAVTLTVAQAFKVAFEFWQVSLVPR,[0.90927714],0.9848421151212361,ts50
59,3lqcA,MDPENTVKVNAGRADATECIAGLLSSDEFQEWLEALRGTPTLSLVVELYKAQTIESVKVGNAGSQYIQVRVGERRGGCGWNDFETLLRTHRFQTPQEARSGENPNRTKYFGPDELNHAAARSTYDVVRVRCRCPNNKNAPYGLRGIMFFTP,PEIRLRHVVSCSSQDSTHCAENLLKADTYRKWRAAKAGEKTISVVLQLEKEEQIHSVDIGNDGSAFVEVLVGSSAGGAGEQDYEVLLVTSSFMSPSESRSGSNPNRVRMFGPDKLVRAAAEKRWDRVKIVCSQPYSKDSPFGLSFVRFHSP,[0.79983604],0.8498385269411172,ts50
60,3gwiA,ALRLRLAIDVEGNESTLVLEAAYLLAYYSTGHMNDINLAVLDGTQRAIAAGLIATWGWVDEIPYDQRRRVVAVVVADNRGRYLLIVSGGLEAILTKCTFVEYNGRVVPLDAQMQRLIQAVTSSYRQKGLIVVFIAIKWLPAVTGDYRRSHLRKLVLLGFVAFRA,MIVLENHTDISGKTSERVLHSAWLNSHYQTGLKNLLDTAVLEGTDEESARSLASRWQKIDEIPFDFERRRMSVVVAENTEHHQLVCKGALQEILNVCSQVRHNGEIVPLDDIMLRKIKRVTDTLNRQGLRVVAVATKYLPAREGDYQRADESDLILEGYIAFLD,[0.75443107],0.9709232789851535,ts50
61,4dkcA,GWMCHYSGELLELLREKNIEHYLQEQFPKDFTITVPPEGFFSVGDVQSLRQANVSRRELQYLWVLVSLHACKAVLSVLKAGHPSYSFLQAVQALLRQVLEGLRDVIISPIVRALLECLHSPGPWTYRVRPRDLTKDIRQVMKLLYERYCKHTSSKAWTNLK,NEECTVTGFLRDKLQYRSRLQYMKHYFPINYKISVPYEGVFRIANVTRLQRAQVSERELRYLWVLVSLSATESVQDVLLEGHPSWKYLQEVETLLLNVQQGLTDVEVSPKVESVLSLLNAPGPNLKLVRPKALLDNCFRVMELLYCSCCKQSSVLNWQDCE,[0.58886933],0.7965557547003163,ts50
62,3so6A,LQAAVFHLRHLGEVDVNEPRGDELCEAAVERIVARAKASGQPLRRVVLVISPRGILITDMASQQLLEFIDINQIADHSCCAHHDRVFCYIHQAHAHDHLVCTSYLCDSRGQADAVAATVSQAFLVAAQYDKINKRPR,MEGMVFSLKYLGMTLVERPKGEELSAAAVKRIVATAKASGKKLQKVTLKVSPRGIILTDSLTSQLIENVSIYRISYCTADKMHDKVFAYIAQSQQNESLECHAFLCTKRKVAQAVTLTVAQAFKVAFEFWQVSLVPR,[0.9215895],0.9836698599233917,ts50
63,3lqcA,MNPKNTFSQQAGNADATECIEGLLNSQDYKAWLKAQKGVSTTSIVVRLRRAQRIQSVVVGSDGAQYVKIMCGRTSGGCGWADFEPLLEETQFQSPMEARTGKSPHTRQYFGPERLQDRTAKRKWDVVRVICQNPHRINTPFGLAGIEFHSP,PEIRLRHVVSCSSQDSTHCAENLLKADTYRKWRAAKAGEKTISVVLQLEKEEQIHSVDIGNDGSAFVEVLVGSSAGGAGEQDYEVLLVTSSFMSPSESRSGSNPNRVRMFGPDKLVRAAAEKRWDRVKIVCSQPYSKDSPFGLSFVRFHSP,[0.8172461],0.8858808497639272,ts50
64,3gknA,MSDRSLVLPKTCRNIPLFLVGGTSLTLADHLGEWLVIVFFPEMGRPGSVTLGREFDRLWPEFKELGARILGVSNDSVTECSRYQARHGFRFPLVADGSRRLARAFRVIVTVSWWGKYVRGIDASAFLLSPAGRVMHSFTSVDVNGCAQEVLDQLQEEAG,MTDAVLELPAATFDLPLSLSGGTQTTLRAHAGHWLVIYFYPKDSTPGATTEGLDFNALLPEFDKAGAKILGVSRDSVKSHDNFCAKQGFAFPLVSDGDEALCRAFDVIKEKNMYGKQVLGIERSTFLLSPEGQVVQAWRKVKVAGHADAVLAALKAHAK,[0.9355397],0.9438716885199805,ts50
65,3nngA,GLPGHYHAVEPAQWKTSASYYFNHDYDRYGAERAIDGDYDTSWFTWGKKIAGTDWIVVQLATPVTLSGFSVTRQTYMGAGFDVQSAKVHYQKAGASDWQTYPKTLTFAAYNGNQPQFYEITPPIPNVATFQIKIETPDVWTGFSLINLYTMAE,TKPGNWSAVDRSAWSVSCSNVYADDDAKYGAHLAIDGEINTTWFTWGVANAGECWWNTVLDRPVTLTGFSVTKQSAYGSGYNLRSAEIKVRKEGETEWVTYPRVLTFRNFKGADPQYAAIEPPIPNVKEFRINCLTPDNYTGFAEINLYEKQL,[0.9447432],0.9329396039340186,ts50
66,2j49A,PSQWIRAFQLLWNHVLKSDEVYRPQLYEVSYPLFVYVFLQSVEADPKGARTFFTTFAPLFQQEYGYAIDQLHQVTSSQDIRECAIAKRYLSRKSRITLSKEVYNYLCLFLKENAAIGGDEIKKIIANNLRPVIK,PENYIRAYSMLKNWVDSSLEIYKPELSYIMYPIFIYLFLNLVAKNPVYARRFFDRFSPDFKDFHGSEINRLFSVNSIDHIKENEVASAFQSHKYRITMSKTTLNLLLYFLNENESIGGSLIISVINQHLDPNIV,[0.9213788],0.9369316787349555,ts50
67,3fhkA,NYVKMLENMLFLAKKVIPLFLALEGAGFRLLSTAAEVRNFFDRLKGTCLLVINDENEESQGLAVPAATRAYQTSEKRPKHCIYVHYGFHNDAVKTVHRYLKGQKPSSPSFAIFRGHRVVHYIPRDSIEGRHLEDVIRALCAAFQAHC,SNAMSMAYEEYMRQLVVPMRRELTGAGFEELTTAEEVENFMEKAEGTTLVVVNSVCGCAAGLARPAATQAVLQNDKTPDNTVTVFAGQDKEATAKMREYFTGAAPSSPSMALLKGKEVVHFIPRHEIEGHDMEEIMKNLTAAFDAHC,[0.7157328],0.8856370582088002,ts50
68,3gknA,ATDHAIVLPERCRRIPLSLLGGTSTTIYDHLGRWTIIVFFPQMATPGTVQLGLEFNALYPLFKEAGAAILGVSTDSEEHCASHQSQYGFQFPIVSDGERQLSKAFQVIVSEAFNGRRVEGIEASAFLLSPDGQVQHSYREVVIEGMAEAVLSQLRRHAV,MTDAVLELPAATFDLPLSLSGGTQTTLRAHAGHWLVIYFYPKDSTPGATTEGLDFNALLPEFDKAGAKILGVSRDSVKSHDNFCAKQGFAFPLVSDGDEALCRAFDVIKEKNMYGKQVLGIERSTFLLSPEGQVVQAWRKVKVAGHADAVLAALKAHAK,[0.9556828],0.9297702851968792,ts50
69,3nngA,GTPGDYKEVAKSNWQTSSTKVYRNDSAKYGASNAINGNHNTSYFTYGRKIAGNCWIEVHLATPVTLAGFSITRQSSVGAGYDIQSAQVRYKRAGQREFTSIPQVATFNRFQGHEPQYYAINPPIPDVATFTIYFLTPSHYTGFSQIALYKKRD,TKPGNWSAVDRSAWSVSCSNVYADDDAKYGAHLAIDGEINTTWFTWGVANAGECWWNTVLDRPVTLTGFSVTKQSAYGSGYNLRSAEIKVRKEGETEWVTYPRVLTFRNFKGADPQYAAIEPPIPNVKEFRINCLTPDNYTGFAEINLYEKQL,[0.9550135],0.9395000096287867,ts50
70,2j49A,TRNHIEALRTLYRFIQKSDANHQPQLHEIQYPLFIYLFLDLVAEDPANANRFFMTFSPQFLEKHGESIQQLLNVTSSADIEKCQVARQYLSRKCKIELSQDVLNYLCDFCNKNAQTGGRYIISVIEQNLKPEIR,PENYIRAYSMLKNWVDSSLEIYKPELSYIMYPIFIYLFLNLVAKNPVYARRFFDRFSPDFKDFHGSEINRLFSVNSIDHIKENEVASAFQSHKYRITMSKTTLNLLLYFLNENESIGGSLIISVINQHLDPNIV,[0.93753636],0.9799126352285928,ts50
71,3fhkA,AVAALLSTLATKWQSVKPRIQELEGAGFTLLTSSAEVQDFLDRHRGTCLLVINDMNSDAQGIAIPSATRAWKNATRRPKHRVYVHDGYYWDAVATAHQYLKGMAPSSPSIAIFQGSQVVHYIPRHAIEGHELEEVVKSLTAAFEAHC,SNAMSMAYEEYMRQLVVPMRRELTGAGFEELTTAEEVENFMEKAEGTTLVVVNSVCGCAAGLARPAATQAVLQNDKTPDNTVTVFAGQDKEATAKMREYFTGAAPSSPSMALLKGKEVVHFIPRHEIEGHDMEEIMKNLTAAFDAHC,[0.72196066],0.9295538041446866,ts50
72,3gknA,FMSESLTLPESFWRLPLALLGGTDTTLYDHQGSWLIITFFPRMGTPGAVELGLEFNKLWPEFAKLGAHVLGVTADSQEAHAAFSSKHGFRFPIVSDGDKRLSFAFRVIKERYFNGTKKRGIEASAYLLSPDGEVLSEWRDVEVEGTADKILALLQKLAP,MTDAVLELPAATFDLPLSLSGGTQTTLRAHAGHWLVIYFYPKDSTPGATTEGLDFNALLPEFDKAGAKILGVSRDSVKSHDNFCAKQGFAFPLVSDGDEALCRAFDVIKEKNMYGKQVLGIERSTFLLSPEGQVVQAWRKVKVAGHADAVLAALKAHAK,[0.9379211],0.9621723818382804,ts50
73,3nngA,LLPGNWEEVKQSDWTVSATNVYYSNADKYGAEHSVNGNQNTSYFMYGTKLAGDCWIKVKLSTPITLAGFSVTRQSAHGAGHDVQSARVRYQRAGDDYSRAYPNIHTFDSFNGNEPQFFTIDPPIPDVSVFRIKILTPNEHSGFSLINLYKLKA,TKPGNWSAVDRSAWSVSCSNVYADDDAKYGAHLAIDGEINTTWFTWGVANAGECWWNTVLDRPVTLTGFSVTKQSAYGSGYNLRSAEIKVRKEGETEWVTYPRVLTFRNFKGADPQYAAIEPPIPNVKEFRINCLTPDNYTGFAEINLYEKQL,[0.94504595],0.8531875735642264,ts50
74,2j49A,HSDARQAFATLWNHIRDSDASHRPQLYSISYPLYVYVFLNLVSDDPKNANEFFRTFSPKFQEDHGEQINHLRAVDSRNDISACSVARRYLSSKTRVQLSVAVLNNLKAFCAEHSDIGGDYIIMTISRNLEPQIV,PENYIRAYSMLKNWVDSSLEIYKPELSYIMYPIFIYLFLNLVAKNPVYARRFFDRFSPDFKDFHGSEINRLFSVNSIDHIKENEVASAFQSHKYRITMSKTTLNLLLYFLNENESIGGSLIISVINQHLDPNIV,[0.9040365],0.9827379189806348,ts50
75,3fhkA,DFTERFAFILHQAQQTKPLILCLEGAGFRLLSSAHEVRNFLQRHQGTCLLVVNDYCLHAHGIAIPSATAAWANSEKRPEHCIFVHAGFFEEATKTAHDYLKGCAPTQPSIAIFQGNQVVHYIPRHAIEGTDLEDVQAALSRAFNRHC,SNAMSMAYEEYMRQLVVPMRRELTGAGFEELTTAEEVENFMEKAEGTTLVVVNSVCGCAAGLARPAATQAVLQNDKTPDNTVTVFAGQDKEATAKMREYFTGAAPSSPSMALLKGKEVVHFIPRHEIEGHDMEEIMKNLTAAFDAHC,[0.80147815],0.9530836455481113,ts50
76,3gknA,MSTNTLELPDSCYDLPLQLLGGTSTTVKDYLGRWLVIVFFPECGTPGAVQLGLEFDALWPQFKKNGAKVLGVTCDSVADCRYYQAQYGFRFPLVSDGSRELCRAFDTIKRRYRHGADVRGIEASAFLLSPDGNVLKSYRHVEVDGCAQAVLAKLEQLAG,MTDAVLELPAATFDLPLSLSGGTQTTLRAHAGHWLVIYFYPKDSTPGATTEGLDFNALLPEFDKAGAKILGVSRDSVKSHDNFCAKQGFAFPLVSDGDEALCRAFDVIKEKNMYGKQVLGIERSTFLLSPEGQVVQAWRKVKVAGHADAVLAALKAHAK,[0.948739],0.9369572726072655,ts50
77,3nngA,GRPGNWQAVDPSRWHTSSSHIWDNDKEAFGSDNAIDGDHNTSHFTYGKGVAGNHWILITLANPVTLAGFSVTRQAAEGHGFDVQSLRIKIQQAGQSDWTRIPQVYTFDSFQGNQPQYVSINPPIPDVAVFRIYFLTPNEYTGFSCIHLYKHKE,TKPGNWSAVDRSAWSVSCSNVYADDDAKYGAHLAIDGEINTTWFTWGVANAGECWWNTVLDRPVTLTGFSVTKQSAYGSGYNLRSAEIKVRKEGETEWVTYPRVLTFRNFKGADPQYAAIEPPIPNVKEFRINCLTPDNYTGFAEINLYEKQL,[0.94740796],0.944459372966647,ts50
78,2j49A,ADFMIHAFQTLYNFIQNSHRIYQPELYEITFPVFFYVFLQLVRENPENAHTFFSTFSPLFLKQHGYDNDNLYEVTSRADISACEVARDYRSKKCVVDLSRQVLDYLLQYCAKNAAIGGRYVLAIVNRWLQPHIA,PENYIRAYSMLKNWVDSSLEIYKPELSYIMYPIFIYLFLNLVAKNPVYARRFFDRFSPDFKDFHGSEINRLFSVNSIDHIKENEVASAFQSHKYRITMSKTTLNLLLYFLNENESIGGSLIISVINQHLDPNIV,[0.9249199],0.9358660076904313,ts50
79,3fhkA,QFFKLLSEIAHKVTQLMPIIKALTGAGFRLLKDAEEVDNFLNRAQGTCLWVINHLNGTSRGLAVPSATQAYQQAEKRPNHAVYVHSGWWNDATRTVHQYLKGQYPSRPSIALFRGRDVVYYIPRDDIEGHDLKTVMAALMNAFEAHC,SNAMSMAYEEYMRQLVVPMRRELTGAGFEELTTAEEVENFMEKAEGTTLVVVNSVCGCAAGLARPAATQAVLQNDKTPDNTVTVFAGQDKEATAKMREYFTGAAPSSPSMALLKGKEVVHFIPRHEIEGHDMEEIMKNLTAAFDAHC,[0.7465217],0.9042628102817667,ts50
80,2va0A,SPASSLLRRMVNRARNLDTEQLRHHLAAMPGEERKHIHVVDAGLDHLLEKPLPPGIMEVHPRCTKSRPFCELHHHDQTIVGWYITLKDGRSVVVVTVSD,SPAKRLLFQMVGNAINRNTQQLTQDLRAMPNWSLRFVYIVDRNNQDLLKRPLPPGIMVLAPRLTAKHPYDKVQDRNRKLYGRHITLNDGNSVKVVTISA,[0.41197896],0.3539861770803341,ts50
81,3hklA,NGYCRRYTGSVCRDTIVYKDLVFFNLQYPNPQAHQENIIQMMCYELRTISPDCRPALLALACNHQFKICSPGSEPVPLPICREHCTRCFNVSCEDEFYKAYQAVLQGLRQAGIAYDPIPDCDTLPSAKENPDSCTSLPYWK,KGYCAQYRGEVCDAVLVKDSLVFFNTSYPDPEEAQELLIHTAWNELKAVSPLCRPAAEALLCNHLFQECSPGVLPTPMPICREYCLAVKELFCAKEWLAMEGKTHRGLYRSGMHFLPVPECSKLPSMHQDPTACTRLPYLD,[0.82861835],0.8323689202502533,ts50
82,2xr6A,ACPDGFYSFHGYCYYFSSTKRNQNDAQKYCESIGARLVVIRSEEQIAFLQRLAGTRNRETWIGLTCNEVLGIWIYNDGSALQPEFRKWFNKGNPDHQGNQDCIVLQGQGLNSVNCDYKLYYICQRSDEDA,PCPWEWTFFQGNCYFMSNSQRNWHDSITACKEVGAQLVVIKSAEEQNFLQLQSSRSNRFTWMGLSDLNQEGTWQWVDGSPLLPSFKQYWNRGEPNNVGEEDCAEFSGNGWNDDKCNLAKFWICKKSAASS,[0.9542244],0.9139621802967172,ts50
83,3ii2A,HTNEYVVESENRENTMKHEMLYSVERRNFAQPVEVDTDSGLRHYRLPPGRYIRFRLDIHYEEDACEIRIDQVSVCDDGTITKKTYFEISLSWHSLMSIENEKTAPDILKEFIARSPEFNETSDWRESHYSYPLDAIEMLKAIKKYLQEYY,SVVEYEVVSKNLTSKMSHELLFSVKKRWFVKPFRHDRQLGKLHYKLLPGNYIKFGLYVLKNQDYARFEIAWVHVDKDGKIEERTVYSIETYWHIFIDIENDLNCPYVLAKFIEMRPEFHKTAWVEESNYSIAEDDIQMVESIKRYLERKI,[0.5768989],0.5130786388490786,ts50
84,2va0A,SPAKDLLQSLVGTARHRDEHQLRKQLRRLPSTEQRHVFVVDEGLEHLLDWPLPPGILLLAPLCTPEHPYNEIYCNDRVIVGHYITLKDGQSVVVITISE,SPAKRLLFQMVGNAINRNTQQLTQDLRAMPNWSLRFVYIVDRNNQDLLKRPLPPGIMVLAPRLTAKHPYDKVQDRNRKLYGRHITLNDGNSVKVVTISA,[0.43862984],0.3699351424427694,ts50
85,3hklA,SGWCAKYKGSICRSILTQNSKVYYNLRYPNPYRHQEMLIKLFNQENQKVTPKCQPSYLALACQHQFRVCSPGQNPTPLPICRTWCELCQHVHCKNQFYAARRNFEQGLKRRGISYQPIPYCATLPSFQEDPNACTHLPFEL,KGYCAQYRGEVCDAVLVKDSLVFFNTSYPDPEEAQELLIHTAWNELKAVSPLCRPAAEALLCNHLFQECSPGVLPTPMPICREYCLAVKELFCAKEWLAMEGKTHRGLYRSGMHFLPVPECSKLPSMHQDPTACTRLPYLD,[0.80617917],0.8386193074147317,ts50
86,2xr6A,SCPEGWIDFQGYCYYFSDTRHNHKDAQKLCEHIGAMLVVIRSEQEWTFLQQLCSKRNQETWIGLTWEVVSGVWQYDDGSPLAPEFLKFFNRGQPNYEGTATCIAIHGGGLSGINCSLKLYFICQRSCSAM,PCPWEWTFFQGNCYFMSNSQRNWHDSITACKEVGAQLVVIKSAEEQNFLQLQSSRSNRFTWMGLSDLNQEGTWQWVDGSPLLPSFKQYWNRGEPNNVGEEDCAEFSGNGWNDDKCNLAKFWICKKSAASS,[0.9635449],0.9574329275337188,ts50
87,3ii2A,STNNYVVKSHNEYQHMHHELLWSVKARNFIQPYQVDRQNGLRFYRLPPGQYLRFRLTVNYNDDQCTLKISYVYVDEDGTIEETTIYEISMKWRHLKAILNVINAPEILKDFIARAPKYNDVGDYKESDRSYPLDSKDFLEAIKAFLQELN,SVVEYEVVSKNLTSKMSHELLFSVKKRWFVKPFRHDRQLGKLHYKLLPGNYIKFGLYVLKNQDYARFEIAWVHVDKDGKIEERTVYSIETYWHIFIDIENDLNCPYVLAKFIEMRPEFHKTAWVEESNYSIAEDDIQMVESIKRYLERKI,[0.5284954],0.4268206972687643,ts50
88,2va0A,TPAAQLLHAMVGRAKHLDVEQLRQVLLALPGETQEHVYVVDENFQHLLELPLPPGVNSLAPMCTQERPYCRLLVDNKTIVGHYITLKDGTSVVVITVSS,SPAKRLLFQMVGNAINRNTQQLTQDLRAMPNWSLRFVYIVDRNNQDLLKRPLPPGIMVLAPRLTAKHPYDKVQDRNRKLYGRHITLNDGNSVKVVTISA,[0.35472894],0.3685219037161828,ts50
89,3hklA,DGYCKRYQGAVCADILQKATKVFYDKSYPDPLRHQENIVHFFNEEVQEVSPSCKPALLALVCNHQFQTCSPGADPVPLPICREDCQQVQFEYCRDEFYRALGAYVLGLQQQGISFEPIPRCDTLPSHQENPKACTSLPYMK,KGYCAQYRGEVCDAVLVKDSLVFFNTSYPDPEEAQELLIHTAWNELKAVSPLCRPAAEALLCNHLFQECSPGVLPTPMPICREYCLAVKELFCAKEWLAMEGKTHRGLYRSGMHFLPVPECSKLPSMHQDPTACTRLPYLD,[0.9041615],0.862816668691284,ts50
90,2xr6A,ACPFGWISHNGHCYYFSDITLNHDSSEAACKNIGAQLVVITSDNEIAFLQKLAHTRNALTWIGLTWRQVPGVWLYDDGSPLAPEFEAWFNRGEPSHHGREYCIAFKGGGLRGINCQDDLYYICQRSLEDQ,PCPWEWTFFQGNCYFMSNSQRNWHDSITACKEVGAQLVVIKSAEEQNFLQLQSSRSNRFTWMGLSDLNQEGTWQWVDGSPLLPSFKQYWNRGEPNNVGEEDCAEFSGNGWNDDKCNLAKFWICKKSAASS,[0.9560922],0.9571630280091084,ts50
91,3ii2A,EVNSYVVKSLNTQDDMIHELLYSVKQRHFCKPYETDAQRGRCHYRLPPGWYIKFKIIVNKNEDDCTLLVTRVTVEEDGDIEEQCVFEIETHWSTFSAVRNQQAAPQILKEFIRRKPKYNQTGHWSESRSSWPLDAEQLKAHIKKFLKIFM,SVVEYEVVSKNLTSKMSHELLFSVKKRWFVKPFRHDRQLGKLHYKLLPGNYIKFGLYVLKNQDYARFEIAWVHVDKDGKIEERTVYSIETYWHIFIDIENDLNCPYVLAKFIEMRPEFHKTAWVEESNYSIAEDDIQMVESIKRYLERKI,[0.55980027],0.5253885672336994,ts50
92,2va0A,SPAREMLEAMVSVARNLCAEELKQRFQHLPGEQREHIFVVDEGYKDLLNLPLPPGILKLHPRCTAEHPFCVLWWQNRIICGHYITLKDGQEVVVITISE,SPAKRLLFQMVGNAINRNTQQLTQDLRAMPNWSLRFVYIVDRNNQDLLKRPLPPGIMVLAPRLTAKHPYDKVQDRNRKLYGRHITLNDGNSVKVVTISA,[0.41402996],0.3624822064688581,ts50
93,3hklA,VGYCRDYQGDVCLDVIQQETRVYYDERYPQPQAAQEHIVRQVQSQVKKVSPSCKPSFLSLACNHEFKCCSPGSRPVPLPICREYCKAVQYVGCRDEFHQALNAVVRNLRAAGIKYEPIPKCTSLPSYEEDPTACTRLPYYR,KGYCAQYRGEVCDAVLVKDSLVFFNTSYPDPEEAQELLIHTAWNELKAVSPLCRPAAEALLCNHLFQECSPGVLPTPMPICREYCLAVKELFCAKEWLAMEGKTHRGLYRSGMHFLPVPECSKLPSMHQDPTACTRLPYLD,[0.8550461],0.7696833765201495,ts50
94,2xr6A,ACPDGWISHHGNCYYFSTTKRDHDDSQKYCKNIGANLVVIKSEDEVEFLQKIADQRNRITWIGLSQRDQPGVWTYNDGRPLLPTFKRFFNDGEPNDQGDATCIAIDGGGLSSINCDEDLYYICQRSCSEQ,PCPWEWTFFQGNCYFMSNSQRNWHDSITACKEVGAQLVVIKSAEEQNFLQLQSSRSNRFTWMGLSDLNQEGTWQWVDGSPLLPSFKQYWNRGEPNNVGEEDCAEFSGNGWNDDKCNLAKFWICKKSAASS,[0.9655064],0.9765374288495322,ts50
95,3ii2A,ATNEFVVKSKNMEDHMVHEMLHSVKRRHFCQPIETDAKAGNLHYRLPPGEYIKFVINVNYDRDHCTVRIRHVTVREDGRIVEETVYSTSMNWSTLQSVRHVEEAPQILKEFINATPEFNQTGDTQESVRQYPLNATELLQAIKDFLKHLL,SVVEYEVVSKNLTSKMSHELLFSVKKRWFVKPFRHDRQLGKLHYKLLPGNYIKFGLYVLKNQDYARFEIAWVHVDKDGKIEERTVYSIETYWHIFIDIENDLNCPYVLAKFIEMRPEFHKTAWVEESNYSIAEDDIQMVESIKRYLERKI,[0.54972184],0.46572987537776384,ts50
96,2cayA,DYRRYLVQVDTSEDGVPVLGDGEQPIYQVADVGLYFGKKPVEGMEDGKIYLTSRRVIFVCKRRPQEQSLGLDLARLKSIEYVPGHDSRSPKVKLHFKHPASEAEYLELTFKSSDGRAFERQLGRALKSVLET,HHMEYWHYVETTSSGQPLLREGEKDIFIDQSVGLYHGKSKILQRQRGRIFLTSQRIIYIDDAKPTQNSLGLELDDLAYVNYSSGFLTRSPRLILFFKDPSSSTEFVQLSFRKSDGVLFSQATERALENILTE,[0.8887749],0.9222929777433944,ts50
97,3t5gB,HEVLAARIAQGLSLLHWHIRDARTGEIAWSGSTDYLVPGILHTVDVPAHILHFAAITVEFTFSSDCEMENFSFKLYIYLEGRLLFTLHFKYGHVVPNSTRCWVSLIHSFPAEQRVPADKLSGNIVIETCIYDSDLLIATNEVRLYFE,KDERAREILRGFKLNWMNLRDAETGKILWQGTEDLSVPGVEHEARVPKKILKCKAVSRELNFSSTEQMEKFRLEQKVYFKGQCLEEWFFEFGFVIPNSTNTWQSLIEAAPESQMMPASVLTGNVIIETKFFDDDLLVSTSRVRLFYV,[0.82669616],0.70428586380048,ts50
98,3ieyB,IKLRIPHAEVHYLGRNCGNHVEITEPELLYVLTNRPELRNKYRLDVSEIVSQGVKAYKHFFCYHHTIKYLVNKGHRVYYNGLFICVYEKGCIPGQVDAQYLIHPIAGADSLSFGELMRIKNRARDRRTRFCLAIVDDQGNVTLIEVHKKHEH,MNLRIPWKEVYYLGYNMGNYIKISEPELLFVLRNKPQIKDRLKLDEKTIIKEGVKKYKNFWEIYYTVKDLILRGYRVRFDGFFIELYEKGIIPGTIEQDYLVYPVSGEIRMTWGELLDIYNKAIARKSKFMLAIVDSEGDVTYYEFRKLRSN,[0.93678665],0.9379114612811845,ts50
99,3aqgA,ALHGPGGGTHFQTTKTEKMRITAIKVKVSAEYLKSIRFEYGDEWNLTYGSEGGNEKYYTLAPGEWIIQVTVAWNDYLTGMILHTSNDRSHWFGNLYGNLWEFTPTEQGEVMKGIFGQYNAEGMKSVGFKWDKA,KMYGPGGGKYFSTTEDYDHEITGLRVSVGLLLVKSVQVKLGDSWDVKLGALGGNTQEVTLQPGEYITKVFVAFQAFLRGMVMYTSKDRYFYFGKLDGQISSAYPSQEGQVLVGIYGQYQLLGIKSIGFEWNYP,[0.9713174],0.9639901470061863,ts50
100,2cayA,SYMRWLKHVRTSECGEPILEEGEKPVHTVEHVSLYYGPEPVVGMLDGRIYITTRHVIFICKEKPQRRSLGLKLAWLDKVRYIPGFHHTHPVTKLMLKDPQSDREYLELSFHGSDGKDFCNTLEKALSEILTG,HHMEYWHYVETTSSGQPLLREGEKDIFIDQSVGLYHGKSKILQRQRGRIFLTSQRIIYIDDAKPTQNSLGLELDDLAYVNYSSGFLTRSPRLILFFKDPSSSTEFVQLSFRKSDGVLFSQATERALENILTE,[0.8911545],0.9226877465421358,ts50
101,3t5gB,TSQRARAIRDGLRLNSWDIRDAHTGEILWQGHVDYFQPGVLHQIIVPASILNFEAVTVSVQLSSTEEMEQFSWKQTWYLRGRLRFTLHFRFGYVQPNSTRRWRFLVVSKPSKEVIPAALLSGNITVEEKIYDRNLMIARCQVRWYFN,KDERAREILRGFKLNWMNLRDAETGKILWQGTEDLSVPGVEHEARVPKKILKCKAVSRELNFSSTEQMEKFRLEQKVYFKGQCLEEWFFEFGFVIPNSTNTWQSLIEAAPESQMMPASVLTGNVIIETKFFDDDLLVSTSRVRLFYV,[0.8222988],0.941739157123894,ts50
102,3ieyB,ITLAIPYEQVYYLGTDQGNYVEITDPELIHVLQNRPQLASKYRLDIAEIRKEGVSAYRSYYRYFYTIWHLVNNGHRVYYDGFFIRVFKKGIVPGETRCAYLVYPVNGDHILSLGELLFIYNRAMEESKSFVLAIVDSSGHVEFIEYKEHDWN,MNLRIPWKEVYYLGYNMGNYIKISEPELLFVLRNKPQIKDRLKLDEKTIIKEGVKKYKNFWEIYYTVKDLILRGYRVRFDGFFIELYEKGIIPGTIEQDYLVYPVSGEIRMTWGELLDIYNKAIARKSKFMLAIVDSEGDVTYYEFRKLRSN,[0.7862506],0.7952954693793814,ts50
103,3aqgA,SLFGPGGGKHFATRETTKRRITGLAIKVSQSWIRSVQLQLGNKWDVRYGSAGGCEYSFTLAPGEHIVEVHVSFKNYLKGMEIYTSDNKSVHVGHMEGQIHLYVPQKTGEVLRSIYGESNADGMKQVGFSWGRP,KMYGPGGGKYFSTTEDYDHEITGLRVSVGLLLVKSVQVKLGDSWDVKLGALGGNTQEVTLQPGEYITKVFVAFQAFLRGMVMYTSKDRYFYFGKLDGQISSAYPSQEGQVLVGIYGQYQLLGIKSIGFEWNYP,[0.9611982],0.9735575737395081,ts50
104,2cayA,KFLRYLTEVKTSIAGQPLLGRGENPIHVVEDVGLYFGPEPVDGMTNGQIYVTSKYVIFIDTARPTEQSWGLSLSQLGKVVYIGGDDTSNPIITLFFNHPMSEKEYLCLSFRGTDGQAFAMALERALQQVLTG,HHMEYWHYVETTSSGQPLLREGEKDIFIDQSVGLYHGKSKILQRQRGRIFLTSQRIIYIDDAKPTQNSLGLELDDLAYVNYSSGFLTRSPRLILFFKDPSSSTEFVQLSFRKSDGVLFSQATERALENILTE,[0.8758611],0.9117501663800858,ts50
105,3t5gB,SASRASMIQNGLKLLHYDLKDAKTGQVKWSGQTDYFVPGILHHVDLPAELLDFEAIQVQLKFSSRQEMTDFSFDQRVYLNGRLYFTLSFRIGHVEPNSTNTWVRLVYSKPREDRLPAAWLSGNIVVTVRIFDDNMLIATCRVRLHFV,KDERAREILRGFKLNWMNLRDAETGKILWQGTEDLSVPGVEHEARVPKKILKCKAVSRELNFSSTEQMEKFRLEQKVYFKGQCLEEWFFEFGFVIPNSTNTWQSLIEAAPESQMMPASVLTGNVIIETKFFDDDLLVSTSRVRLFYV,[0.80353737],0.897524934589926,ts50
106,3ieyB,VKLNKPAKEVFYLGRDMGNYVEITNPELLYVLLNRPELRDQYDLDAERIIKRGVEEYDKFWNYHHTIRYLVEQGYNVNWNGFFIEVYKKGIVPGKTKAQYLIYPIAGSHRVDLGSMKLLVNRARARRLNFELAIVDASGNVTLIKFTHSYKV,MNLRIPWKEVYYLGYNMGNYIKISEPELLFVLRNKPQIKDRLKLDEKTIIKEGVKKYKNFWEIYYTVKDLILRGYRVRFDGFFIELYEKGIIPGTIEQDYLVYPVSGEIRMTWGELLDIYNKAIARKSKFMLAIVDSEGDVTYYEFRKLRSN,[0.9456597],0.9431767620929785,ts50
107,3aqgA,VMYGPGGGEYFKTTITSDKTITGIRVRVSKNFIKSIKLKLGEKWDKTYGAAGGDMKSFVLKPGEYVISIKVAFNKFLRGLVIQTSNDRMHHFGSMNGTVTLFIPKSEGEIMQGIYGLHNDEGMRSVGFTFGIP,KMYGPGGGKYFSTTEDYDHEITGLRVSVGLLLVKSVQVKLGDSWDVKLGALGGNTQEVTLQPGEYITKVFVAFQAFLRGMVMYTSKDRYFYFGKLDGQISSAYPSQEGQVLVGIYGQYQLLGIKSIGFEWNYP,[0.9721342],0.9645337938329919,ts50
108,2cayA,DHHDWLKRVKTSDEGQPILAEGEKPIHQCHEVGLYWGPEPVSGHQDGDIYVTTRRIIFVDHAHPRERSLGLDLKSLGEVEYNPGHNTASPLLVLHLKDPTSSREYFMLSFDSSDGVEFAQTLESTLQRVLSG,HHMEYWHYVETTSSGQPLLREGEKDIFIDQSVGLYHGKSKILQRQRGRIFLTSQRIIYIDDAKPTQNSLGLELDDLAYVNYSSGFLTRSPRLILFFKDPSSSTEFVQLSFRKSDGVLFSQATERALENILTE,[0.9019691],0.9111549955385756,ts50
109,3t5gB,VAARALEIEHGTRLNNFDIRDAKTGRVAWMGRVDFFVPGFLHTVDLPREILDCKAIEVEVNFSSAQEMLDFSLTMNVYLRGNLLETFRFRYGYVVPNSTRTWVFLVKSKPADHRVPAEELSGNIIITTKVYDDNLLIAECEVQYYFV,KDERAREILRGFKLNWMNLRDAETGKILWQGTEDLSVPGVEHEARVPKKILKCKAVSRELNFSSTEQMEKFRLEQKVYFKGQCLEEWFFEFGFVIPNSTNTWQSLIEAAPESQMMPASVLTGNVIIETKFFDDDLLVSTSRVRLFYV,[0.82066864],0.9089154691065251,ts50
110,3ieyB,KRLRIPHAEVFHLGRKEGNWVSIQDPELVFVLENRPELRAKYDYDVAQIKAKGVQRYGRFWAYSNTISYLVLNGHSVRYNGFFIRVFSKGSVPGEKNCEFLVYPVAGKDQMSMGELLSLINRAVKKNLKFVLAIVDANGNVVLYEIDFHDED,MNLRIPWKEVYYLGYNMGNYIKISEPELLFVLRNKPQIKDRLKLDEKTIIKEGVKKYKNFWEIYYTVKDLILRGYRVRFDGFFIELYEKGIIPGTIEQDYLVYPVSGEIRMTWGELLDIYNKAIARKSKFMLAIVDSEGDVTYYEFRKLRSN,[0.87251306],0.9317709844812853,ts50
111,3aqgA,AAYGPGGGQHFETEMTNNKQISGISIYVGAEYIKSFQFQLGNEWDTKYGAKGGNEKSYDLRPGEYIVSVQVAFANYLKGMRLTTSDNRSFIFGDRQGTIELFKPCEKGQVLRGIFGKHDSKGMREVGFVWAKP,KMYGPGGGKYFSTTEDYDHEITGLRVSVGLLLVKSVQVKLGDSWDVKLGALGGNTQEVTLQPGEYITKVFVAFQAFLRGMVMYTSKDRYFYFGKLDGQISSAYPSQEGQVLVGIYGQYQLLGIKSIGFEWNYP,[0.96906805],0.9748911123932362,ts50
112,3q4oA,HITDRECECLRKFYELCKLQYDVYQALYQRHHIKLFAELARKWFGMCRAIRELLDRYKIPDPIVDYRLGHFAHPRFTDLYNRLVKQGAKSKTQALRVGAQLQDLQMSQIKHCIARTQNPSIIDVFNSLKSFARNNLRKFVEQLKAEGHDYTPQYVSEERYERVINANLT,PISEEEKEGLIEMREEEKLARDVYLTLYNKWKLQIFKNIAESEQTHMDAVKYLLEKYNIPDPVKNDSIGVFSNPKFEELYKKLVEKGDKSEVDALKVGATIEDLDIADLEKWINKTDNEDIKFVYENLMKGSRNHMRAFVRMLNNYGSNYTPQYISKEEYEEIISSSTE,[0.9297461],0.9674344563818293,ts50
113,2qdlA,VNLSHRHPTPLHLVVFTLNTHYFGLHEEDVKSVLEWEDVKRIPNTPAYWRGVIDYFGRLIPVIDLALLFGINQTGSSNASVIIIVKIRGQLYGIIVDGVIEKEPINSHAIKPPPPIFLIDERFVKGIVTLGDDEVIIINLRHLLQKEGAYVAGP,KHHHHHHPMPKKIVVFSLAEELYGLDIFDVHEVVKDVSITKIPETPEFIEGIINLRGKIIPVIDLKKRFGIGKRGKSKDSRIIIVEILGQKAGLIVDAVHEVIPIDENSIEPPPPVTTIDTAFVEGIAKTDDKMIIIIKLHFLFEVNGKEMLLN,[0.85622823],0.8745508408192009,ts50
114,3ejfA,APKQLQFEFCVGHLEDVVARANAEFEEFVIVCDADRFLWHGKGIAQDVSDYCGERYKQECRAYVRRHGPQKVLVTPSYVDGIECVNNVVGPHQGDENLHEKLVATYSGFLVDGQVNYVVPVLSLNIEGVNYQMSIHALYEAIKGRKVIILLYSHESEHIDYYNRNL,KPKFLEYKTCVGDLTVVIAKALDEFKEFCIVNAANEHMTHGSGVAKAIADFCGLDFVEYCEDYVKKHGPQQRLVTPSFVKGIQCVNNVVGPRHGDNNLHEKLVAAYKNVLVDGVVNYVVPVLSLGIFGVDFKMSIDAMREAFEGCTIRVLLFSLSQEHIDYFDVTC,[0.8780782],0.9230040585396285,ts50
115,3gfsA,MLVIGGSPDRNGMTVIVARYVADAYNCELIDLSKFVLPKFSGDTDQMENAKVKELRNKVKQAESILLLSPEIRDGVSGALLNALRYLSADEFRNIPVAIVSVAGGGDGGNNAVDNIKRILKGYAAKVIPRELIVYPSDVDTKNRKVASGVRDRLDKAVAELIEHTKR,MLVINGTPRKHGRTRIAASYIAALYHTDLIDLSEFVLPVFNGEAEQSELLKVQELKQRVTKADAIVLLSPEYHSGMSGALKNALDFLSSEQFKYKPVALLAVAGGGDGGINALNNMRTVMRGVYANVIPKQLVLKPVHIDVENATVAENIKESIKELVEELSMFAKA,[0.9698798],0.9871591254410811,ts50
116,3q4oA,SITPEQQQCLRKLHELCALCQDVYEHLYQVIHINLFDELANEWQYNIEQIAKLLNEYEIPDPRKDAARGHFAYPEWTRLYRRLVKKGARSEVAALRVCAHIQDKLISNIQQCIAATKDPEIIAVLESMRTTSKNVLRRCVQYLRQLGHQYTPQYIGQGEHKKIVGTSLL,PISEEEKEGLIEMREEEKLARDVYLTLYNKWKLQIFKNIAESEQTHMDAVKYLLEKYNIPDPVKNDSIGVFSNPKFEELYKKLVEKGDKSEVDALKVGATIEDLDIADLEKWINKTDNEDIKFVYENLMKGSRNHMRAFVRMLNNYGSNYTPQYISKEEYEEIISSSTE,[0.9061155],0.9029310434181194,ts50
117,2qdlA,HRYSSSRPRPLVLVIFTLDSHLYGLDVDDVKDILSYQNISRIPGTPEYIAGVINWNGKDIPVVNLDKLFGVAQHGCSVGSVIIIVTIHGKLYGIIVDRITKERPTDSNEIQPPPPTTRISSSYVHGIARLGDDNVLILDLKHLLQDEPRYVMGS,KHHHHHHPMPKKIVVFSLAEELYGLDIFDVHEVVKDVSITKIPETPEFIEGIINLRGKIIPVIDLKKRFGIGKRGKSKDSRIIIVEILGQKAGLIVDAVHEVIPIDENSIEPPPPVTTIDTAFVEGIAKTDDKMIIIIKLHFLFEVNGKEMLLN,[0.8846899],0.8839375348172875,ts50
118,3ejfA,APAKLEFYTHVGDLDDVIKFAHMQFHEFVVIADSDRWLLNGRGIAAEISRFCGERYVQECKRYVLKEGPQMVLTTPSYVDGVKCINNVVGPKQGDAQLHQKLVKTYKGVTVEGEVNYVVPIMSLGIKGVNQIMSVDALRTAIQGKKVEILLFSHEAENINYFDVNQ,KPKFLEYKTCVGDLTVVIAKALDEFKEFCIVNAANEHMTHGSGVAKAIADFCGLDFVEYCEDYVKKHGPQQRLVTPSFVKGIQCVNNVVGPRHGDNNLHEKLVAAYKNVLVDGVVNYVVPVLSLGIFGVDFKMSIDAMREAFEGCTIRVLLFSLSQEHIDYFDVTC,[0.86224395],0.9361220325842007,ts50
119,3gfsA,MLVISGDPDMNGRAVIVAHYIAETYNCRLINLARFVLPQFNGKEAQLNDARIRRLRNVVKDATSILVITPEVDRGVSGALINALRYLSANEFKNVPVAVIAISGGGDGGTNAVDTIRTQLKGYKADVIPVELIVRPEDIDVDNRKVAEQVVNALEDLVNELAKVAVS,MLVINGTPRKHGRTRIAASYIAALYHTDLIDLSEFVLPVFNGEAEQSELLKVQELKQRVTKADAIVLLSPEYHSGMSGALKNALDFLSSEQFKYKPVALLAVAGGGDGGINALNNMRTVMRGVYANVIPKQLVLKPVHIDVENATVAENIKESIKELVEELSMFAKA,[0.9722271],0.9738788238160496,ts50
120,3q4oA,GITPDQCRCLRHFHELTQLCHDVFMALYERWRIQLFAELSDQYLGATAEINRLLAKYHIPDPLSDAKLGVYSDPRYRDLYDTLVAQGAKSVVAALAVCARLEDLYIHQIEACIKATDDPTIIKVFKSIKNGSKNNLRKCVQELQDQGASYTPKYISEEQAQEVVMSDLH,PISEEEKEGLIEMREEEKLARDVYLTLYNKWKLQIFKNIAESEQTHMDAVKYLLEKYNIPDPVKNDSIGVFSNPKFEELYKKLVEKGDKSEVDALKVGATIEDLDIADLEKWINKTDNEDIKFVYENLMKGSRNHMRAFVRMLNNYGSNYTPQYISKEEYEEIISSSTE,[0.914674],0.9770150609459893,ts50
121,2qdlA,HHHSFHKPYPLTLVIFTLNDYLYALRTKDVHDIHPYQNIKAIPGCPAYVAGVINWDGQLIPVINLKKLFGIADRGESGGSKIIIVVIHGRMYGIIVDAVVEYVPVDQNQIEPPPPCCYVDHAYVEGISTIGSHQVIILDLQHLFRQDPHYVQGG,KHHHHHHPMPKKIVVFSLAEELYGLDIFDVHEVVKDVSITKIPETPEFIEGIINLRGKIIPVIDLKKRFGIGKRGKSKDSRIIIVEILGQKAGLIVDAVHEVIPIDENSIEPPPPVTTIDTAFVEGIAKTDDKMIIIIKLHFLFEVNGKEMLLN,[0.8929485],0.9039459864011656,ts50
122,3ejfA,MPSRLELYSHVGDLSDVIAFALSEFQEFVIICDAGRNMRHGSGIAAEISRYCGQAYVNDCKNYVRRFGPKNTLVSPSYVEGIKCINNIVGPSQGDSDLHRKLVQTYKGFIVAGQVNYVVPILALGIEGVDYHMSVDAFQQAVQGDKVHVLVFSNLKDDIDYYQKNM,KPKFLEYKTCVGDLTVVIAKALDEFKEFCIVNAANEHMTHGSGVAKAIADFCGLDFVEYCEDYVKKHGPQQRLVTPSFVKGIQCVNNVVGPRHGDNNLHEKLVAAYKNVLVDGVVNYVVPVLSLGIFGVDFKMSIDAMREAFEGCTIRVLLFSLSQEHIDYFDVTC,[0.89958954],0.9436899313196367,ts50
123,3gfsA,MLVIGGDPIRQGQAVIVARFVATTYKCQLIDLSSFTLPQYQGKVQQLKMARVQELKKKVKSAQSIVLITPETHAGASGAFLNALRYLSAKTFKSKPVAILAVAGGGTGGTNCVFDVRDILRGFEAIVVPKTIIILPEDVDVQNKKVHENVVKELDKLVNELEKVAQR,MLVINGTPRKHGRTRIAASYIAALYHTDLIDLSEFVLPVFNGEAEQSELLKVQELKQRVTKADAIVLLSPEYHSGMSGALKNALDFLSSEQFKYKPVALLAVAGGGDGGINALNNMRTVMRGVYANVIPKQLVLKPVHIDVENATVAENIKESIKELVEELSMFAKA,[0.9798094],0.9594165949287705,ts50
124,3q4oA,GISPEEQRWLRYFRELEQLCKDVLQALYEQFHIQLFQDIAEKWIAREKQIRELLDQYNIPDPRTDHETGIFRHPQFKDLYNRLVKKGAKSVVDALYVCAFIQDVLCHKLKRCIQQTTDPEIIRVLKSMKAFAENNLIYCVRHLQGEGFGYTPKFISKEFFCAIISTNLE,PISEEEKEGLIEMREEEKLARDVYLTLYNKWKLQIFKNIAESEQTHMDAVKYLLEKYNIPDPVKNDSIGVFSNPKFEELYKKLVEKGDKSEVDALKVGATIEDLDIADLEKWINKTDNEDIKFVYENLMKGSRNHMRAFVRMLNNYGSNYTPQYISKEEYEEIISSSTE,[0.9119557],0.9437054460356754,ts50
125,2qdlA,RRMSHDEPEPLKLVIFTLDDSRYGLEQKDVLDIRKWTNITQIPEEPAYIAGHINWQGRRVPVVNLAKLFGIDDSGYSGGSVVIIVEVHGRLVGIIVNEVVSQVPVDNHSIKPPPPVTAIDSKFIYSIAKLGNDEIIILSLHNIFRHRGYFVLGS,KHHHHHHPMPKKIVVFSLAEELYGLDIFDVHEVVKDVSITKIPETPEFIEGIINLRGKIIPVIDLKKRFGIGKRGKSKDSRIIIVEILGQKAGLIVDAVHEVIPIDENSIEPPPPVTTIDTAFVEGIAKTDDKMIIIIKLHFLFEVNGKEMLLN,[0.8303878],0.9103372144235977,ts50
126,3ejfA,APDKLEFYYHVGDLDEVVAFAQEQFGQFVIINDADRNLLHGSGIAKQISKYCGQRYADAARAHVKRHGPQMVLTSPSQVEGISCINNIVGPHQGDSNLFKKLVKTYKACLVAGEVNYVVPIMSLGIEGVNYEMSLDALLYAIEGRKVTVLLYSHQKHHIEWFKRRR,KPKFLEYKTCVGDLTVVIAKALDEFKEFCIVNAANEHMTHGSGVAKAIADFCGLDFVEYCEDYVKKHGPQQRLVTPSFVKGIQCVNNVVGPRHGDNNLHEKLVAAYKNVLVDGVVNYVVPVLSLGIFGVDFKMSIDAMREAFEGCTIRVLLFSLSQEHIDYFDVTC,[0.92604387],0.9460537432309517,ts50
127,3gfsA,MLVIGGDPSAYGRCRIVSRYVAKTFDCELIDLSKFTLPQFNGFKAQLDNNEVQELRRLVKDARAILLISPEENRGCSGALLNALKYLSAATFKNIPVAIVAVTGGGEGGNNSVQTLRDILKGFTAKVVPHSVIVYPADIDVKNDDVHQGVVEKLRRLVWDLHDHAQK,MLVINGTPRKHGRTRIAASYIAALYHTDLIDLSEFVLPVFNGEAEQSELLKVQELKQRVTKADAIVLLSPEYHSGMSGALKNALDFLSSEQFKYKPVALLAVAGGGDGGINALNNMRTVMRGVYANVIPKQLVLKPVHIDVENATVAENIKESIKELVEELSMFAKA,[0.97383696],0.9633751396838336,ts50
128,1ahsA,MGPFDGATSITKQGYYNVPTGNSRGYCVNGRTVQVDMHAGSSARVSGVLNPRHGTSSTLTFTWHALDSFTDSTGNSKRSAPGLYVTVGGKRVEFGEMVEWDGTSPIHVANPGPRNSIILFTITSYQ,TGPYAGAVEVQQSGRYYVPQGRTRGGYINSNIAEVCMDAGAAGQVNALLAPRRGDAVMIYFVWRPLRIFCDPQGASLESAPGTFVTVDGVNVAAGDVVAWNTIAPVNVGNPGARRSILQFEVLWYT,[0.6401724],0.2483009256325355,ts50
129,2fvvA,RKLTYDEQGRLLDAAAVCYEDREKEHVLLVSDWEDPDLWRIPGGTCQPNEQPDQAAARHVYEQAGVRGVLGELLGVFRDEKDRLRTWVFELIVTVEHKNYFADKDRGVQRKWFPVPDAVRVLKEAFPVQAAFLEG,QTRTYDGDGYKKRAACLCFRSESEEEVLLVSSSRHPDRWIVPGGGMEPEEEPSVAAVREVCEEAGVKGTLGRLVGIFENQERKHRTYVYVLIVTEVLEDWEDSVNIGRKREWFKIEDAIKVLQYHKPVQASYFET,[0.90665406],0.920997265193567,ts50
130,2a2lA,MENQKANHRKSISEAEAERIKTAVQAHAERINVAVTFAVVDFNGKLIILHRQSEAEDSSMDVAYWRAQTAQHLATSTGDLKRLVRPGERLAGLEGLNDNSIRIIGGGLPIVEDNSVVGGVGISGGSFAHNQLLCECAVETMQKLN,SLMNKSQQVQTITLAAAQQMAAAVEKKATEINVAVVFSVVDRGGNTLLIQRMDEAFVSSCDISLNKAWSACSLKQGTHEITSAVQPGQSLYGLQLTNQQRIIIFGGGLPVIFNEQVIGAVGVSGGTVEQDQLLAQCALDCFSALE,[0.94195306],0.9229936847785184,ts50
131,3nzmA,AYCPGCLAYGAQVLTYQYGPLPIGLIVHFELDLKIYCVDPDGNLLFQRIASHYDCGTQEVNCFTFSDGRTLACTKNTKFLTADRKTLAIWTVYEQNLKTLSLENLAQTANALDEEKLPIPLHQAGEIKKSRVVGCTSLGIQEVYTIGLPSIDNFLLANGHVYA,PFCPGCLSFGTEILTVEYGPLPIGKIVSEEINCSVYSVDPEGRVYTQAIAQWHDRGEQEVLEYELEDGSVIRATSDHRFLTTDYQLLAIEEIFARQLDLLTLENIKQTEEALDNHRLPFPLLDAGTIKMVKVIGRRSLGVQRIFDIGLPQDHNFLLANGAIAA,[0.85479254],0.9018838301094214,ts50
132,1ahsA,SGPFRGATSTRQAGKYTVPSGKCHGYYVDASEAMVDLKAGSEASVTQILQPKSGNITTINFTWAPLNTFTDSNGHQLSSAPGISVTVGGVRIKFGEQVAWDGTSPVEVGNPGSNPAIIVFHVKTWR,TGPYAGAVEVQQSGRYYVPQGRTRGGYINSNIAEVCMDAGAAGQVNALLAPRRGDAVMIYFVWRPLRIFCDPQGASLESAPGTFVTVDGVNVAAGDVVAWNTIAPVNVGNPGARRSILQFEVLWYT,[0.65258104],0.27269102178859556,ts50
133,2fvvA,MQPTYDDNGRLLMAAAICCASADRRHVLLVSCFSDPKEWIVPGGNVKYDEQPHDAAMRWVFFQAGVRGILGELLGIFRNRQKRIRTWVYELIVTVRQEEYFMRVKDGLKWKWFPVPEAVRVLKRDWPIQAAFFSG,QTRTYDGDGYKKRAACLCFRSESEEEVLLVSSSRHPDRWIVPGGGMEPEEEPSVAAVREVCEEAGVKGTLGRLVGIFENQERKHRTYVYVLIVTEVLEDWEDSVNIGRKREWFKIEDAIKVLQYHKPVQASYFET,[0.884811],0.8816676305861886,ts50
134,2a2lA,ALALMNARVLSVSEAEAKQMCKAVRQFSNELKVSVCFAVVDHNGELVLLNRHDDAKANCEEMAIWKARTAQHYKTSTEDIFNLTQPGNYFEGLQDLSRKSIKINSGGLPIIILNQVVGGIGVAGGSNAIDIRIAETAVDCFKALK,SLMNKSQQVQTITLAAAQQMAAAVEKKATEINVAVVFSVVDRGGNTLLIQRMDEAFVSSCDISLNKAWSACSLKQGTHEITSAVQPGQSLYGLQLTNQQRIIIFGGGLPVIFNEQVIGAVGVSGGTVEQDQLLAQCALDCFSALE,[0.9462859],0.9146020127472387,ts50
135,3nzmA,TSCPGCLAYGQHVLTHEFGPLPVGEIVEHRIRNKIYSVDPAGHIFTQEIATWYDNGTQEIEEFTFSDGSTLECTRDTRFLTADRHELAVERIYNQNEKNLSLSNLDKKANALDEARLPIPLNDAGEIYYQKVVGCQSLGTRRVYSIGLPNVNNFLLANGHVFC,PFCPGCLSFGTEILTVEYGPLPIGKIVSEEINCSVYSVDPEGRVYTQAIAQWHDRGEQEVLEYELEDGSVIRATSDHRFLTTDYQLLAIEEIFARQLDLLTLENIKQTEEALDNHRLPFPLLDAGTIKMVKVIGRRSLGVQRIFDIGLPQDHNFLLANGAIAA,[0.8845411],0.8521754636472754,ts50
136,1ahsA,SGPYTGSAYTSKQGHYLVPNGASNGYYVNAATVEVDMKAGAAADVNDTLHPDAGTLNTIWFTWHPLQRFTDADGCRQQSAPGVSVTIGGETVAFGEVVQWDWTSPVFVGNPGDRPSILQFEVADYH,TGPYAGAVEVQQSGRYYVPQGRTRGGYINSNIAEVCMDAGAAGQVNALLAPRRGDAVMIYFVWRPLRIFCDPQGASLESAPGTFVTVDGVNVAAGDVVAWNTIAPVNVGNPGARRSILQFEVLWYT,[0.6108214],0.21386822997702634,ts50
137,2fvvA,MIPTYDADGRMLMAAAVCFADEERETVLLVSDEAHPEKWVVPGGYCQRDEAFWQAAARQVYLQAGVKGVCGVLLGVFKDEKHRLRTSIFELIVTEVNENYFSHKQHGVRREWFPVPDAVRVLKEDHPVQAAWFDG,QTRTYDGDGYKKRAACLCFRSESEEEVLLVSSSRHPDRWIVPGGGMEPEEEPSVAAVREVCEEAGVKGTLGRLVGIFENQERKHRTYVYVLIVTEVLEDWEDSVNIGRKREWFKIEDAIKVLQYHKPVQASYFET,[0.91896945],0.9333720399367759,ts50
138,2a2lA,MKLLNRVKKYSVSFEEAKSMQQAVTEFARSINVSVVYAVVDHNGNLILNWRMHNAWESSRRVAYHKAKTAQWLKMSTGDLKNLTQPGSRLEGLEQLFNQRIVTRGGGVPIVIDNQVVGGIGVAGGTHKTNFQLAKCAIHTYRRLV,SLMNKSQQVQTITLAAAQQMAAAVEKKATEINVAVVFSVVDRGGNTLLIQRMDEAFVSSCDISLNKAWSACSLKQGTHEITSAVQPGQSLYGLQLTNQQRIIIFGGGLPVIFNEQVIGAVGVSGGTVEQDQLLAQCALDCFSALE,[0.9324237],0.9245675304564009,ts50
139,3nzmA,SYNPGCVAHGMKILTWEFGPLPIGFIVDLRLHCKIYSVDPAGHIFTQEIAQWYNCGTQQIYRYTFSNGRTLRCTDQTKVLTSDRQSLAIVDIYNRDLKILSLKNLKQNAQALNEEKLPKPLEKAGQICNAKVVGQRSLGTQRVYAIGLPQNDNFLLANGAVFS,PFCPGCLSFGTEILTVEYGPLPIGKIVSEEINCSVYSVDPEGRVYTQAIAQWHDRGEQEVLEYELEDGSVIRATSDHRFLTTDYQLLAIEEIFARQLDLLTLENIKQTEEALDNHRLPFPLLDAGTIKMVKVIGRRSLGVQRIFDIGLPQDHNFLLANGAIAA,[0.88972896],0.8461077342012667,ts50
140,1ahsA,QCPYDGASRFKREGSYRVPKGSCKGYFVDGRTVQIDMKAGSAANVTDVLGPTAGELKTITFTWHPLSTFTDQTGQRQKSSPGVSVTVGGKTVYFGEEVWWDGRQPVHVENPGNKPSILVFRVLEYD,TGPYAGAVEVQQSGRYYVPQGRTRGGYINSNIAEVCMDAGAAGQVNALLAPRRGDAVMIYFVWRPLRIFCDPQGASLESAPGTFVTVDGVNVAAGDVVAWNTIAPVNVGNPGARRSILQFEVLWYT,[0.5944822],0.26855551164611685,ts50
141,2fvvA,KEPTYDTQGRQLVAAVVCWEDREREVVILVSHLADPGRWQIPGGFVAPNEKRHTAAVRHVEEYAGVRGVMGELVGVFRDEATRLKTWIYHLIVTHVRSDYESRRQVGLRTEWFPVSDAIRVLRHNNPIQAAFFDS,QTRTYDGDGYKKRAACLCFRSESEEEVLLVSSSRHPDRWIVPGGGMEPEEEPSVAAVREVCEEAGVKGTLGRLVGIFENQERKHRTYVYVLIVTEVLEDWEDSVNIGRKREWFKIEDAIKVLQYHKPVQASYFET,[0.89346695],0.7974921987029716,ts50
142,2a2lA,AISFMSEYLLSVTSAEAQNSRKAVRNHAHEIGVACCFAVVNHNGNLILLHRQQDAQRGSERQAWMKARTAQLLETSTGDLRELTRPGSMYSGLEFLNHESIMIDGGGLPIVVNNQVVGGVGVAGGSCNTDYALAKCAIETWLALA,SLMNKSQQVQTITLAAAQQMAAAVEKKATEINVAVVFSVVDRGGNTLLIQRMDEAFVSSCDISLNKAWSACSLKQGTHEITSAVQPGQSLYGLQLTNQQRIIIFGGGLPVIFNEQVIGAVGVSGGTVEQDQLLAQCALDCFSALE,[0.93020236],0.9152505074312546,ts50
143,3nzmA,ARCPGCLYWGTVILTNYFGPLPIGLIVENRIVDKIYCVDPDGNVYLQKIHSHYNCGTQRIYQFTFSNGTTLRCTSSTKFLTADYKHLAVLLIYSHNLKCLCLTNLKQQKFAFDQDQLPHPLDEAGEVNKQNVVGCESLGVRKVYAIGLPEYNNFLLADGHFFM,PFCPGCLSFGTEILTVEYGPLPIGKIVSEEINCSVYSVDPEGRVYTQAIAQWHDRGEQEVLEYELEDGSVIRATSDHRFLTTDYQLLAIEEIFARQLDLLTLENIKQTEEALDNHRLPFPLLDAGTIKMVKVIGRRSLGVQRIFDIGLPQDHNFLLANGAIAA,[0.8268556],0.862998827471285,ts50
144,3e8mA,MRRIKLILTDVTGVLTGGGIYFGKDGDLEIRFNNEDRYGVFFAHYHGIPIGILSGSDTLVLRNWAQFCKIDFLLLGVRDKLKAARALCDELGIDLSEVAYIGDDWDDKALLRQVGIAGVPASSPEDVRRLATIELGRKGGEGCFFEFVMQVLGVNLRDFQALLY,MKEIKLILTDIDGVWTDGGMFYDQTGNEWKKFNTSDSAGIFWAHNKGIPVGILTGEKTEIVRRRAEKLKVDYLFQGVVDKLSAAEELCNELGINLEQVAYIGDDLNDAKLLKRVGIAGVPASAPFYIRRLSTIFLEKRGGEGVFREFVEKVLGINLEDFIAVIQ,[0.9904338],0.9553764348968773,ts50
145,3k7pA,DSIKVAIGTGAPAHEIQDFLIEAVNQSGSQYVPVYLGPETRSAVSVPAFAQTVARCVADKKVKYGVLCSGTGVGCADAANKIPGVICSRCSDEYQAAMSKVLNNSNIICVGHRNVGIDTIKLIIVTFLNTPFSGLKAHVRWRQNIRKHQAAHA,MTRRVAIGTDHPAFAIHENLILYVKEAGDEFVPVYCGPKTAESVDYPDFASRVAEMVARKEVEFGVLAAGSGIGMSIAANKVPGVRAALCHDHYTAAMSRIHNDANIVCVGERTTGVEVIREIIITFLQTPFSGEERHVRRIEKIRAIEASHA,[0.9265772],0.9747162766225773,ts50
146,3ny7A,SDHTTKLEPVQHELPANVLVLRVVGPLFAADATGLFRFLLRLLQGKRLVVVDLKHVPYLDHGGLHTLLQFVRALPEGTRLRVCTIRSHPSEAMHRAGVRPIPGRLEFYPDLEAALADI,GSHMTRLAPVVVDVPDDVLVLRVIGPLFFAAAEGLFTDLESRLEGKRIVILKWDAVPVLDAGGLDAFQRFVKRLPEGCELRVCNVEFQPLRTMARAGIQPIPGRLAFFPNRRAAMADL,[0.8951669],0.9519408022739171,ts50
147,2gu3A,AADGHEEAAKQAMLSTSLHTVEEVTRWVGEERYWVVRGNDSTGTWMYVFVPEDEQAYIHSVEEEDTISEEEARRIVRDAGLVREFLQVHFSRQGDRMLWQVEYRDNQGQHAIALVDAETGEILKIITP,KEEGHEAAAAEAKKETDLAHVDQVETFVGKEKYYVVKGTDKKGTALYVWVPADKKAKILSKEAKEGISEDKAAKIIKDEGLVSKQKEVHLAREGNVLLWEVTYLDKEGQYSLSYVDFTTGKILKNITP,[0.9124963],0.9653930176666737,ts50
148,3e8mA,SKKVKLILTDIVGVLTGGDVIHDRDGHVKHHLDGVDGYGVFFAHWHGIPVALLDGHDTSVIRNWAVQADVDFLFLGVEDKLQAAREICKEEGIALSEVAYIGDDKKDRQLLRRVGIAGVPASAPESVRKLATIRLAKKGGEGCLTEFVVHVLGVNLADLHALFQ,MKEIKLILTDIDGVWTDGGMFYDQTGNEWKKFNTSDSAGIFWAHNKGIPVGILTGEKTEIVRRRAEKLKVDYLFQGVVDKLSAAEELCNELGINLEQVAYIGDDLNDAKLLKRVGIAGVPASAPFYIRRLSTIFLEKRGGEGVFREFVEKVLGINLEDFIAVIQ,[0.9874262],0.9582406726785286,ts50
149,3k7pA,TLIKVAIGTDSPAHAIQSHLVSAVDEAGSNYKPVYLGPSTSEAVSIPQYAKKVARKVARKEVHYGVLCSGSGVGCATSANEVPGVVCSLCRDTFEAAYARVRRNANIVCVGYKQVGKEVIKEIIVTFLRTPFSGRQWYIRKINNQDAYELAYA,MTRRVAIGTDHPAFAIHENLILYVKEAGDEFVPVYCGPKTAESVDYPDFASRVAEMVARKEVEFGVLAAGSGIGMSIAANKVPGVRAALCHDHYTAAMSRIHNDANIVCVGERTTGVEVIREIIITFLQTPFSGEERHVRRIEKIRAIEASHA,[0.93765014],0.9753623584942692,ts50
150,3ny7A,SQMKTRLEPVDRRLPRDVLCLRVVGPLFSADARGLFQRLRRLLEGTHRVVLDLEDVPELDEGGLQVLRRFVRALPKGTTLRVCNIRRQPLEALRRAGLQPQPGRLEFHPDLREALADI,GSHMTRLAPVVVDVPDDVLVLRVIGPLFFAAAEGLFTDLESRLEGKRIVILKWDAVPVLDAGGLDAFQRFVKRLPEGCELRVCNVEFQPLRTMARAGIQPIPGRLAFFPNRRAAMADL,[0.8874433],0.973379850532734,ts50
151,2gu3A,AIEGHRDAAARALKNTDLARVTSVHRWTGQETWHVVQGTDSTGEDTYVFVPEDKAARIQSMAYSETISAEQARQVVVKSGLVRVFLKVHLSMEGDRMLWEVTFLNNHGEFAIALVDARSGRILEIYTP,KEEGHEAAAAEAKKETDLAHVDQVETFVGKEKYYVVKGTDKKGTALYVWVPADKKAKILSKEAKEGISEDKAAKIIKDEGLVSKQKEVHLAREGNVLLWEVTYLDKEGQYSLSYVDFTTGKILKNITP,[0.9105529],0.9657261687220907,ts50
152,3e8mA,NRKIKLILTDVLGVLTGGRIFFDEDGTVDFTFNGDNEFGVFYAHYRGIPIGILSGSNTLVIRNWASEMNIDYLLLGVEDKLEAAQQLCAELGIDLSEVAYIGDDEDDKELLKQVGIAGVPASAPRDVRVLASIELAKNGGEGCFFEFVSHVLGVNEKDLKALIR,MKEIKLILTDIDGVWTDGGMFYDQTGNEWKKFNTSDSAGIFWAHNKGIPVGILTGEKTEIVRRRAEKLKVDYLFQGVVDKLSAAEELCNELGINLEQVAYIGDDLNDAKLLKRVGIAGVPASAPFYIRRLSTIFLEKRGGEGVFREFVEKVLGINLEDFIAVIQ,[0.9860739],0.9520537485380616,ts50
153,3k7pA,KKIRVAIGTNAPSHAIIDHLIFAVRDAGSQYKPIYLGPDSSKAVRIPEYAERVARNVAQQEVKYGVLASGSGKGCARAANRIPGVICARCTNEKQAQMAQIMNDANIVCVGYSEVGKDVIKTIIVTFLRTPHSGYQTNIQELAQVHERWQANY,MTRRVAIGTDHPAFAIHENLILYVKEAGDEFVPVYCGPKTAESVDYPDFASRVAEMVARKEVEFGVLAAGSGIGMSIAANKVPGVRAALCHDHYTAAMSRIHNDANIVCVGERTTGVEVIREIIITFLQTPFSGEERHVRRIEKIRAIEASHA,[0.9274963],0.9276110166369675,ts50
154,3ny7A,DQHLTRLLPVAKRLPKDVLCLRVVGPLKADDARGLFDHLATLLHGKRRVVLDCRDVPFLDEGGLMKLLEFVVALPAGTTLRICNVQEQPMRTMDKFGLRPIPGRLQFHPDLAAALADI,GSHMTRLAPVVVDVPDDVLVLRVIGPLFFAAAEGLFTDLESRLEGKRIVILKWDAVPVLDAGGLDAFQRFVKRLPEGCELRVCNVEFQPLRTMARAGIQPIPGRLAFFPNRRAAMADL,[0.8787294],0.9558473590399987,ts50
155,2gu3A,EHAGFEHAAATAKTRTGLANVVAVQRFRGQTHYYVVTGTDAKGRRMFVFVPDDKAARIQSLFYSKMISRAEAKQIVQNHGLVTVFYTVWAAREGDKMLWEVAFNNNDGQFAVAYVDAYSGRILRVITP,KEEGHEAAAAEAKKETDLAHVDQVETFVGKEKYYVVKGTDKKGTALYVWVPADKKAKILSKEAKEGISEDKAAKIIKDEGLVSKQKEVHLAREGNVLLWEVTYLDKEGQYSLSYVDFTTGKILKNITP,[0.9078626],0.943006138070407,ts50
156,3e8mA,RRKIKLILSDVDGVLTGGKVIYDHEGHMQVSFDGVDFLGVHYAHHHGIPVGILSGVDTLVVRHWAQKANIDFLLLGVRDKLKAAHDLCAELGIELSEVAYIGDDENDRELLQQVGIAGVPASAPHDVRKLATIFLDKNGGEGSFTEFVAQVLGVNEEDLRALIK,MKEIKLILTDIDGVWTDGGMFYDQTGNEWKKFNTSDSAGIFWAHNKGIPVGILTGEKTEIVRRRAEKLKVDYLFQGVVDKLSAAEELCNELGINLEQVAYIGDDLNDAKLLKRVGIAGVPASAPFYIRRLSTIFLEKRGGEGVFREFVEKVLGINLEDFIAVIQ,[0.9913978],0.9569354859349337,ts50
157,3k7pA,SKIKVAIGTDSPAHHIIDYLINAVREAGSNFQPIYLGPSDSDAVSVPQYALKVALRVASQQVEFGVLCSGSGVGCSVAANQIPGVRCAMCSDEHNAAMAQISNDANIICVGYQNVGYETIKEIIVTFLQTPHSGEEEFVRALQEVRAQCAAHL,MTRRVAIGTDHPAFAIHENLILYVKEAGDEFVPVYCGPKTAESVDYPDFASRVAEMVARKEVEFGVLAAGSGIGMSIAANKVPGVRAALCHDHYTAAMSRIHNDANIVCVGERTTGVEVIREIIITFLQTPFSGEERHVRRIEKIRAIEASHA,[0.9348067],0.9708353691706147,ts50
158,3ny7A,EKQMTKLEPVDRDLPANVLCLRIEGPLYAADAQGLFRALARRLKGKRQVVVDCREVPFLDEGGLRVLKQFVSNLPLGTTLKICSVRLIPLRALKTYGVKPIPGRLAFHPNLDEALAEV,GSHMTRLAPVVVDVPDDVLVLRVIGPLFFAAAEGLFTDLESRLEGKRIVILKWDAVPVLDAGGLDAFQRFVKRLPEGCELRVCNVEFQPLRTMARAGIQPIPGRLAFFPNRRAAMADL,[0.8542387],0.9680479257643743,ts50
159,2gu3A,DGAGICEAAAKALENTNLATVQEVERFKGAQEYYVVEGTDSTGQEMYVFVPDDEKADIRSVREGSTISKKEAAAIVEDAGLVSTYLTVTFARRGDKLLWAVRFRDKHGQHAIAFVSARSGQIVEYITP,KEEGHEAAAAEAKKETDLAHVDQVETFVGKEKYYVVKGTDKKGTALYVWVPADKKAKILSKEAKEGISEDKAAKIIKDEGLVSKQKEVHLAREGNVLLWEVTYLDKEGQYSLSYVDFTTGKILKNITP,[0.9179715],0.8772571244502492,ts50
160,1pdoA,GVAIVVCTCGNRARSLIAHCERQLGKLSNVGYVNYRPGMNADDIINKFRDVLKHLDTSQGVIFLVEEQGQTPWRAARQVVKRRANFAVVAGINLPMLVGTMRLRRFNPSFDELVAAAVRYGQGGRHHHQ,TIAIVIGTHGWAAEQLLKTAEMLLGEQENVGWIDFVPGENAETLIEKYNAQLAKLDTTKGVLFLVDTWGGSPFNAASRIVVDKEHYEVIAGVNIPMLVETLMARDDDPSFDELVALAVETGREGVKALK,[0.95928097],0.9589990971910545,ts50
161,1h4aX,GTITLYEDAGYRGSSYTVTSDCPNLRPRLERCKSAHVYSGVFVLWEDPNHSGNQYNITEGNYRTYQDFQGQSDRIRSAQEVPSSDAHLIDLFEKEEYQGKMITFTFDVDDIRKHFPSNTIRSCFVHEGSWVMFEDAHFKGKQYLLLPGSYNHYSDVGATDSLIGSLQRVVDET,GKITLYEDRGFQGRHYECSSDHPNLQPYLSRCNSARVDSGCWMLYEQPNYSGLQYFLHRGDYADHQQWMGLSDSVRSCRLIPHSGSHRIRLYEREDYRGQMIEFTEDCSCLQDRFRFNEIHSLNVLEGSWVLYELSNYRGRQYLLMPGDYRRYQDWGATNARVGSLRRVIDFS,[0.95527905],0.9892131872136172,ts50
162,1dx5I,AEPYNPCLKANCKWYCKPVNEKSYRCVCHEGHEPIPNQPRACQISCHKSSCPADCDPRETYVCYCPEGYVLSNGFRCTRIDYCKKGGHCSGRCVNLPGSYVCYCGPTRFVTGLFGMDC,VEPVDPCFRANCEYQCQPLDQTSYLCVCAEGFAPIPHEPHRCQMFCNQTACPADCDPNTQASCECPEGYILDDGFICTDIDECENGGFCSGVCHNLPGTFECICGPDSALAGQIGTDC,[0.9231252],0.41424578094739795,ts50
163,1i8nA,PVGSRKDGHCWRVVPGAQLPADELAETRFTDTVEALRWAANSETAPQTHVLQIDTQSHECYKNRQQTPEYAQLQTNQPHVVAWLLRRCR,ETITAGNEDCWSKRPGWKLPDNLLTKTEFTSVDECRKMCEESAVEPSCYILQINTETNECYRNNEGDVTWSSLQYDQPNVVQWHLHACS,[0.40690255],0.09666405131829665,ts50
164,1pdoA,VVAIVVATRGQEAALMIKAAEAELGRLENVGYVGFTPGQDEDDIIEQFEGVIARLDTSQGVLFLVETYGGIPYNAAQEVVANRKRFSVIDGINIPQLVATLRLRKHNPSFDELVAAAIRTGRRGMTQHH,TIAIVIGTHGWAAEQLLKTAEMLLGEQENVGWIDFVPGENAETLIEKYNAQLAKLDTTKGVLFLVDTWGGSPFNAASRIVVDKEHYEVIAGVNIPMLVETLMARDDDPSFDELVALAVETGREGVKALK,[0.96104175],0.984219370193347,ts50
165,1h4aX,GNIILYEDEGYQGRSFTISSDCPNLDPYLKRCRSVIVHSGVFVLYEQPNFSGKSYFVATGTYSTYADCQGDSDQVRSAKLVPQSDSHKIDLYEDQDFQGKQIVFTEDVEDIQRHFPYGKINSLYVHQGSFVLYRQANFQGRQYLLTPGKYNKYSDIGRSNSRIGSLKAVVDKQ,GKITLYEDRGFQGRHYECSSDHPNLQPYLSRCNSARVDSGCWMLYEQPNYSGLQYFLHRGDYADHQQWMGLSDSVRSCRLIPHSGSHRIRLYEREDYRGQMIEFTEDCSCLQDRFRFNEIHSLNVLEGSWVLYELSNYRGRQYLLMPGDYRRYQDWGATNARVGSLRRVIDFS,[0.9529611],0.9719746761036117,ts50
166,1dx5I,CKPYDPCKSAVCQHVCVPLSNDQYECVCREGHSPIPVLPRKCEIVCEDDSCPASCDPSLQYVCLCPEGYTLADGDRCRQINWCQMGGYCSGECIDSPGDYICICGPNQAISGYVGIDC,VEPVDPCFRANCEYQCQPLDQTSYLCVCAEGFAPIPHEPHRCQMFCNQTACPADCDPNTQASCECPEGYILDDGFICTDIDECENGGFCSGVCHNLPGTFECICGPDSALAGQIGTDC,[0.93450135],0.40544783525957767,ts50
167,1i8nA,MTLSDGTGYCWKEKPGWKLPEHELQKTIHTDNEQALHWCSDSQKRPRCHILQIDTRTNSCYRSRQEPPNLEHLKTNAPNVTAWILHDCS,ETITAGNEDCWSKRPGWKLPDNLLTKTEFTSVDECRKMCEESAVEPSCYILQINTETNECYRNNEGDVTWSSLQYDQPNVVQWHLHACS,[0.80948627],0.1665482059844353,ts50
168,1pdoA,GIAIVVATRGDNASNYVGECEEVLGTLDNVGYVGWQPGENEEDIVKQFENTIAKLDTSKGVLFLVSREGGTPHNAAQRVIEQQQRFTVIAGINLPMLVGTVDVRRYQPSFEELVDAARYTGKEGEREHH,TIAIVIGTHGWAAEQLLKTAEMLLGEQENVGWIDFVPGENAETLIEKYNAQLAKLDTTKGVLFLVDTWGGSPFNAASRIVVDKEHYEVIAGVNIPMLVETLMARDDDPSFDELVALAVETGREGVKALK,[0.9624169],0.9700509092725477,ts50
169,1h4aX,GEIVLYENEGYKGHSYTVTQDLPNLRPNLSRCRSAIVYSGVFVLYEKPNFTGRAYYVTRGDYRHCSQWQGKSDAVRSASLVPASDSYMIDLYEYQYFQGSCVSFTHNVDNIRKHFPYDDIHSCFVHEGSWVLWQEAYYKGRQYLVQPGNYNDYKDIGAKDSHIGSLKAVIDTQ,GKITLYEDRGFQGRHYECSSDHPNLQPYLSRCNSARVDSGCWMLYEQPNYSGLQYFLHRGDYADHQQWMGLSDSVRSCRLIPHSGSHRIRLYEREDYRGQMIEFTEDCSCLQDRFRFNEIHSLNVLEGSWVLYELSNYRGRQYLLMPGDYRRYQDWGATNARVGSLRRVIDFS,[0.95418185],0.9958410965147598,ts50
170,1dx5I,NSPRDPCMNADCEYTCVPKSEAEYSCVCEEGYEPIPHDPNQCIIQCRRESCPADCDPTTASFCYCPEGYSLADGQRCTAIDFCAQGGFCQGSCHNKPGSYICVCGPKFGTKGRLGRDC,VEPVDPCFRANCEYQCQPLDQTSYLCVCAEGFAPIPHEPHRCQMFCNQTACPADCDPNTQASCECPEGYILDDGFICTDIDECENGGFCSGVCHNLPGTFECICGPDSALAGQIGTDC,[0.9393861],0.5902840939640868,ts50
171,1i8nA,MSFSKGNGFCWHTIPGWQLPHDQLQLTSHTSIDEALKWVSNHKHKPRSRVLQIDTETQRCFINREEKPNFSHTTTDQPNVTGWIIERCG,ETITAGNEDCWSKRPGWKLPDNLLTKTEFTSVDECRKMCEESAVEPSCYILQINTETNECYRNNEGDVTWSSLQYDQPNVVQWHLHACS,[0.47896543],0.29924257685361383,ts50
172,1pdoA,AIAVVVASDGNRASDLIATVEFILGELENVGHVGYRPGQNDEDIVTRLNGVVQRLDTSRGVIFLVQRQGGLPHNAAMRIVEDQKNFSVIAGVNLPALVGTVKLRKQNPSFDTLVQAARRTGRKGVKHEH,TIAIVIGTHGWAAEQLLKTAEMLLGEQENVGWIDFVPGENAETLIEKYNAQLAKLDTTKGVLFLVDTWGGSPFNAASRIVVDKEHYEVIAGVNIPMLVETLMARDDDPSFDELVALAVETGREGVKALK,[0.9541719],0.9767044101103747,ts50
173,1h4aX,GRITLYEEEGFKGRSFTVTSDWPNLRPFLHSCRSAVVNSGVHILFQDPNFTGQQYYIKQGSYSTHSDWQGRSDLIRSVLLVPASNSHEIDLYQDESFQGTCITFSKDVDNITKHFPHGDIRSCFVNSGAWILFEDANFQGRQYLLVPGQYNTYRDIGADNNAIGSLQRVIDAR,GKITLYEDRGFQGRHYECSSDHPNLQPYLSRCNSARVDSGCWMLYEQPNYSGLQYFLHRGDYADHQQWMGLSDSVRSCRLIPHSGSHRIRLYEREDYRGQMIEFTEDCSCLQDRFRFNEIHSLNVLEGSWVLYELSNYRGRQYLLMPGDYRRYQDWGATNARVGSLRRVIDFS,[0.94886714],0.9791575729913544,ts50
174,1dx5I,KSPQNPCNNANCEFDCVPLDEYQYRCVCHRGYAPIPNKPRYCRRTCRHRSCPADCNPDNENMCFCPAGYVLSDGQVCVQVNYCKHGGFCNGKCLDKPGYYMCFCGPDSQVQGYTGISC,VEPVDPCFRANCEYQCQPLDQTSYLCVCAEGFAPIPHEPHRCQMFCNQTACPADCDPNTQASCECPEGYILDDGFICTDIDECENGGFCSGVCHNLPGTFECICGPDSALAGQIGTDC,[0.93292534],0.41274831244113075,ts50
175,1i8nA,DTGSYDDGHCWSVFPGFRLPEHQLRLTAHTSVAKALQYARTSQERPQVGILQIDTRTKRCYISRQEVPNLATLQFNMPEVTAYILKHCR,ETITAGNEDCWSKRPGWKLPDNLLTKTEFTSVDECRKMCEESAVEPSCYILQINTETNECYRNNEGDVTWSSLQYDQPNVVQWHLHACS,[0.5259006],0.1485229727681172,ts50
176,2cviA,MVTAFVHLRVRRGKAEQVKDALRSRPYVRHVEEVRGEYDLIVFVVTGTLEDLGEFCEDDLAEFPSIQEYETLVYLEWDRHAHY,MVTAFILMVTAAGKEREVMEKLLAMPEVKEAYVVYGEYDLIVKVETDTLKDLDQFITEKIRKMPEIQMTSTMIAILEHHHHHH,[0.9244955],0.9200259399665258,ts50
177,3a4rA,GPFGAEQLALTIKGGREHEVLTIDLDPNDPMAFAMEKFAQHMGRQGHTLTWYFNGRRLSGAELPYDLGLKSGDMIDVRG,GPLGSQELRLRVQGKEKHQMLEISLSPDSPLKVLMSHYEEAMGLSGHKLSFFFDGTKLSGKELPADLGLESGDLIEVWG,[0.88559747],0.9196461349725091,ts50
178,1lpbA,AVQLNKNVGEPCTNSKECKNKCCIQYTDDEEAYCVNRSPRNWLCQSWNHGGIYLKTPCERGLVCVGKFSKAGQKQNSNYGRCRRR,GIIINLDEGELCLNSAQCKSNCCQHDTILSLSRCALKARENSECSAFTLYGVYYKCPCERGLTCEGDKSLVGSITNTNFGICHNV,[0.8975051],0.7574353607779502,ts50
179,1mr1C,MFIEIFHNVLGAHSGIVVPGRKIAPNNPFITCQDCNQSYPPRDFVEHYHGRVRPGIEVEGYNPRKWNVHIALSEMIQRSGHKRYMGSVLNGIHEKFL,SHMRVYHECFGKCKGLLVPELYSSPSAACIQCLDCRLMYPPHKFVVHSHKALENRTCHWGFDSANWRAYILLSQDYTGKEEQARLGRCLDDVKEKFD,[0.40297973],0.2907502629403697,ts50
180,2cviA,RVTAHVHLVVQIGKSEEVRQRLLARPWVRSVMIVSGVFDLIVFVMTGTVRALGRFVQEDLSLFPDIKRHNVNLFTEDWGLHHW,MVTAFILMVTAAGKEREVMEKLLAMPEVKEAYVVYGEYDLIVKVETDTLKDLDQFITEKIRKMPEIQMTSTMIAILEHHHHHH,[0.9143],0.9213319521886904,ts50
181,3a4rA,GPSGNELLELVIVGGRDGQQLSVCLHPDDPMATAIHRFAEHMGKPGEDLTWYYQGRKISGAELPYDLGLRSGDTVKVEG,GPLGSQELRLRVQGKEKHQMLEISLSPDSPLKVLMSHYEEAMGLSGHKLSFFFDGTKLSGKELPADLGLESGDLIEVWG,[0.87313825],0.878198974194096,ts50
182,1lpbA,AEEDFLSVGQPCLNSDQCVDTCCIKNEVRKAGTCVMHASADTVCQWENLGGIYFYAPCKDGLICKGVKTANGASNNRNFGYCAFN,GIIINLDEGELCLNSAQCKSNCCQHDTILSLSRCALKARENSECSAFTLYGVYYKCPCERGLTCEGDKSLVGSITNTNFGICHNV,[0.881393],0.7693856280668276,ts50
183,1mr1C,MELLVYHSTLGSHHGLVNPGLYQSPNNPWIVCNACSKWYPPAEFVDHYHNDVTPGIHWTGFDKDDWHLIIQLADSVANIGWSKQYGRELNGIHERFR,SHMRVYHECFGKCKGLLVPELYSSPSAACIQCLDCRLMYPPHKFVVHSHKALENRTCHWGFDSANWRAYILLSQDYTGKEEQARLGRCLDDVKEKFD,[0.49837792],0.5183180782434519,ts50
184,2cviA,SIVAVVYLKVRDGKEQEVSRRLGALPAVKRVDIVDGNFDIIVEVECGSEEELGQFCQLGLRQFPAIKKWDCLIQVSFHHDHHH,MVTAFILMVTAAGKEREVMEKLLAMPEVKEAYVVYGEYDLIVKVETDTLKDLDQFITEKIRKMPEIQMTSTMIAILEHHHHHH,[0.9303407],0.9035391648023613,ts50
185,3a4rA,GPWGNTLLHLKVKGGAEGDVLTLALAPDEPMATAMDEFARHMGKPGRHLTWYFNGRKISGKELPYDLGLSSGDLIHVTG,GPLGSQELRLRVQGKEKHQMLEISLSPDSPLKVLMSHYEEAMGLSGHKLSFFFDGTKLSGKELPADLGLESGDLIEVWG,[0.88353574],0.8748529675791028,ts50
186,1lpbA,VNRWGKYVGDICTNRRQCKNGSCNHRTYNEEGYCVRNAPANGFCQYNGNGGIYIFCPCQAGLVCVGKVTATGRVQNTNFGRCRFK,GIIINLDEGELCLNSAQCKSNCCQHDTILSLSRCALKARENSECSAFTLYGVYYKCPCERGLTCEGDKSLVGSITNTNFGICHNV,[0.85646284],0.7410711071520759,ts50
187,1mr1C,MQLGVNHHVLGSSKGTINPGRYTSPHNPFIRCSACLQWYPPENFVSHFHDEIEPDVVLEGFDGEDWHEHILVSRAYESDGFKKYLGAQLEGIHEKFR,SHMRVYHECFGKCKGLLVPELYSSPSAACIQCLDCRLMYPPHKFVVHSHKALENRTCHWGFDSANWRAYILLSQDYTGKEEQARLGRCLDDVKEKFD,[0.53211236],0.2980317740741334,ts50
188,2cviA,SISAIIHLVVEPGREGQVRRRLLALPHVKEVQIVAGDYDLIVWVKTYTIEQLGRFIHEDLREFPQITQHRVLVFRHFHHTHHS,MVTAFILMVTAAGKEREVMEKLLAMPEVKEAYVVYGEYDLIVKVETDTLKDLDQFITEKIRKMPEIQMTSTMIAILEHHHHHH,[0.93910086],0.8974859611367833,ts50
189,3a4rA,GPFGDELLTLYIRGGRDGQVLQLTLHPDDPMAFAQDAFATHMGLQGAELVWYYNGRKISGDEYPSDLGLKSGDTIRVRG,GPLGSQELRLRVQGKEKHQMLEISLSPDSPLKVLMSHYEEAMGLSGHKLSFFFDGTKLSGKELPADLGLESGDLIEVWG,[0.85189044],0.891194620292628,ts50
190,1lpbA,DQKRNLEVGERCTHSSECKNFCCLRHGEEQWSYCVPNAPKDKVCNKFSSGGTYQKTPCTEGLTCVGNISASGRKTNMNQGFCKVN,GIIINLDEGELCLNSAQCKSNCCQHDTILSLSRCALKARENSECSAFTLYGVYYKCPCERGLTCEGDKSLVGSITNTNFGICHNV,[0.9047089],0.7801748481484546,ts50
191,1mr1C,MWLFVWHNVMGSHSGIVVPGKYNSPDNAYIVCEVCELWFPPEEFVTHYHHAIRPNVAVKGYDTKEWNREIRLSSEYKNPGTVRWMGKELNGIHERFR,SHMRVYHECFGKCKGLLVPELYSSPSAACIQCLDCRLMYPPHKFVVHSHKALENRTCHWGFDSANWRAYILLSQDYTGKEEQARLGRCLDDVKEKFD,[0.397078],0.48983522040415106,ts50
192,2xcjA,LLSQAERIKAMQQSAAMSLPQLAEQTGVPLWRLARYCSGERTPPPDVLQRILDHPDFKKCRLWFLNNRIDPAKGQTAPATSHFG,SNTISEKIVLMRKSEYLSRQQLADLTGVPYGTLSYYESGRSTPPTDVMMNILQTPQFTKYTLWFMTNQIAPESGQIAPALAHFG,[0.9098674],0.9596068520188685,ts50
193,2xdgA,SMRDLAQQCQLYIDKLPESVAGCPARYNGLLCWPRAGYGESVVLPCPEWYDRFSDNSGFVQVECTEVGWSEPSPPFPEACPIPKEHWHK,MLREDESACLQAAEEMPQTTLGCPATWDGLLCWPTAGSGEWVTLPCPDFFSHFSSESGAVKRDCTITGWSEPFPPYPVACPVPLELLAE,[0.8416173],0.9361238740305281,ts50
194,2xcjA,ALSEAERIRAIQDSSRMSTEELAEKTGIPYAELRAYCSGAETPPPEVLTKILDVPEFERNRKFFQHNVTHPDRGQTAPAIAKYG,SNTISEKIVLMRKSEYLSRQQLADLTGVPYGTLSYYESGRSTPPTDVMMNILQTPQFTKYTLWFMTNQIAPESGQIAPALAHFG,[0.7429533],0.8765754886002812,ts50
195,2xdgA,GLKELAKACKEAIRRLPNALHGCPAFYDGRLCWPRMGYGDYVVLPCPEWHKKYSASKGSVRVWCTSQGWSEPTPPYPEACPTPQADLHD,MLREDESACLQAAEEMPQTTLGCPATWDGLLCWPTAGSGEWVTLPCPDFFSHFSSESGAVKRDCTITGWSEPFPPYPVACPVPLELLAE,[0.8416955],0.8641010158588194,ts50
196,2xcjA,SLSQSERIRAMMESNNMSLEQLAKQTGVPYDELKRFCSGQATPPPDILRRILDHNRFRRHRQWFLLNKICPATGQVAPSTANYG,SNTISEKIVLMRKSEYLSRQQLADLTGVPYGTLSYYESGRSTPPTDVMMNILQTPQFTKYTLWFMTNQIAPESGQIAPALAHFG,[0.818867],0.9321350220721323,ts50
197,2xdgA,SQQDLKKACLERIHKLPEASSGCPAVYDGYLCWPRLGYGSSVTLPCPIWHRLFSSDAGAVEIRCTSHGWSQPQPPYPVACPVPSKLYDS,MLREDESACLQAAEEMPQTTLGCPATWDGLLCWPTAGSGEWVTLPCPDFFSHFSSESGAVKRDCTITGWSEPFPPYPVACPVPLELLAE,[0.85114056],0.9370485237018952,ts50
198,2xcjA,AMSQAEKIKHIMESCDLSLREISKHTGVPFSQLRKFCSGEQTPGPDVLQTILDHPRFQQYRQWYRHEQTDPEQGQTAPQIADFG,SNTISEKIVLMRKSEYLSRQQLADLTGVPYGTLSYYESGRSTPPTDVMMNILQTPQFTKYTLWFMTNQIAPESGQIAPALAHFG,[0.83266896],0.8236621248485706,ts50
199,2xdgA,DLEELRRACLEWMHSLPQHKEGCPAVYDGKRCWPTMNYGSNIVLPCPAWCSYASTQSGSVQVHCTDYGWSEPHPDYPEACPVPWALFHG,MLREDESACLQAAEEMPQTTLGCPATWDGLLCWPTAGSGEWVTLPCPDFFSHFSSESGAVKRDCTITGWSEPFPPYPVACPVPLELLAE,[0.8195656],0.8775905605263852,ts50
