name,pred,real,tm_score,split_name
1eteA,MDSCFFETNPITDNYETKIADLLAHLDNDYPWVMMANVAEDDICGGLQYLYWFHTQMEEAAHEAGEDLKGLVKEVYKTIDFVKSCKMKPPPACLKFETVSNSDVLKKAQDNLEALYPIVTKRDFTECLELKCED,TQDCSFQHSPISSDFAVKIRELSDYLLQDYPVTVASNLQDDELCGGLWRLVLAQRWMERLKTVAGSKMQGLLERVNTEIHFVTKCAFQPPPSCLRFVQTNISRLLQETSEQLVALKPWITRQNFSRCLELQCQP,0.1663118691273863,ts50
1v7mV,ETHCLRDELRKRLQKESARLADVPDLTPLPEPVPLPMVNRQLGDVRQTARLERLEILAGEVRLYLRGLNAAAGTAGDDEAKRLLNNLKGLACVLVAAFDNLLGKRLKEHGEVEYFRDWRQHFDALETMLDGLVREAVEPGGDDRL,CDLRVLSKLLRDSHVLHSRLSQCPEVHPLPTPVLLPAVDFSLGEWKTQMEETKAQDILGAVTLLLEGVMAARGQLGPTCLSSLLGQLSGQVRLLLGALQSLLGTQLPPQGRTTAHKDPNAIFLSFQHLLRGKVRFLMLVGGSTLC,0.259721928012343,ts50
1y1lA,KVLFVCLHNTARSVCAKALFNALAEDWRADSAGFMEAHRVSADREQLLRRWGLNAEDAPRVLDDVDLEQYELVVVIAEDSRAYAIPTEGEVLYWRVDDPLGRNIGDYDRVFDDLLERVRRLVGV,KVLFVCIHNTARSVMAEALFNAMAKSWKAESAGVEKAERVDETVKRLLAERGLKAKEKPRTVDEVNLDDFDLIVTVCEESSCVVLPTDKPVTRWHIENPAGKDEGTYRRVLAEIEERVKKLVGE,0.9346947771969224,ts50
3pivA,CTHLGDFKELYTKALNLLKKMGGEFAKLKIPFPWSLYRKMQVAPVDTQVAFLVLVFQLIVNLMNNFEHMESTDWNMDIVSEYLELLANKSVDLKDYVAKYDKPEKVTLYKTDSKQWFKQLYDYLTEREYSKEAWEQARAAVREVLELLEVIAQKAL,CEWLGRYRIITTESLNLLKNMGGKYADLETPFPSRLYTLMDKSKVEDQVKFLVLTLDHIIHLMDAREHMNSVNWDQNTVEDFLNILHRKSSDLKECVARYAKPAHKESYEIRIKRHFRTLKKILKKKQYSAEAWEQIRRVVKSHLQRMDIIASNAR,0.5158849513526373,ts50
1eteA,TDQCFFSKNPITDDYETSIDDLLSELDTDSPWFEAKNVKDDATCGGLFYLYEYREQMEWATKVAGEDLKGLVEDVLDCISFVTECAFKPPPECLDFEEVSILDVLSRAVKNLEDLDPTITKKDFTECLELTCQD,TQDCSFQHSPISSDFAVKIRELSDYLLQDYPVTVASNLQDDELCGGLWRLVLAQRWMERLKTVAGSKMQGLLERVNTEIHFVTKCAFQPPPSCLRFVQTNISRLLQETSEQLVALKPWITRQNFSRCLELQCQP,0.2330504187562861,ts50
1v7mV,MEIAIVDELRSELTKISAELTEVPEVTPSPVPTPVPADTRKAGDVKTVDKDERLEQTAGEVTLFLEGLRRAAGTLGDTAVKRLLRTLNGLALTLVAAYNDRLGKEVAASGEIREHRDWKKHFDAFRHLLDGLVRLAIDEGGAVLL,CDLRVLSKLLRDSHVLHSRLSQCPEVHPLPTPVLLPAVDFSLGEWKTQMEETKAQDILGAVTLLLEGVMAARGQLGPTCLSSLLGQLSGQVRLLLGALQSLLGTQLPPQGRTTAHKDPNAIFLSFQHLLRGKVRFLMLVGGSTLC,0.1666739018094025,ts50
1y1lA,MVLFVCRTNTARSVMAKALFNALARTETADSAGMAYADDIDRRTGALLAEYGLNAQDRPVVIDDVDLDRYDLVVTISEEGEAVSLPTDGPHLYWHVADPTGKSEGVWAAVFQNILERVEELTGE,KVLFVCIHNTARSVMAEALFNAMAKSWKAESAGVEKAERVDETVKRLLAERGLKAKEKPRTVDEVNLDDFDLIVTVCEESSCVVLPTDKPVTRWHIENPAGKDEGTYRRVLAEIEERVKKLVGE,0.970756365072554,ts50
3pivA,CTELEDYESLHEQSLNLLEKMGGAFAALKMPFPWELYDTMLEADVDQQVAFLVQTHNLIVNLMDSFEYMDSTDWDMDKVKELLELLQEKSDSLKDYVATYETPKSTADFEVKSTSWFNYVKDYLVKEDFSKQALEQVRAAVRKHLEDLYVVAKKAL,CEWLGRYRIITTESLNLLKNMGGKYADLETPFPSRLYTLMDKSKVEDQVKFLVLTLDHIIHLMDAREHMNSVNWDQNTVEDFLNILHRKSSDLKECVARYAKPAHKESYEIRIKRHFRTLKKILKKKQYSAEAWEQIRRVVKSHLQRMDIIASNAR,0.923692365017148,ts50
1eteA,MTTCYFSENPITTDYEEDTEKLLSHMDKDLPLFMADNAKYDDTCGGLFYLYWFVYQMDKLEAKAGEKFRGLVESVYDTINFVDKCAFKPPPDCLKFVRVSIATVLDKVVFEIKAMDPVITEVDFTHCLELKCED,TQDCSFQHSPISSDFAVKIRELSDYLLQDYPVTVASNLQDDELCGGLWRLVLAQRWMERLKTVAGSKMQGLLERVNTEIHFVTKCAFQPPPSCLRFVQTNISRLLQETSEQLVALKPWITRQNFSRCLELQCQP,0.2415090861847594,ts50
1v7mV,ADEAVREDLRSELRLLTERLKDIPDIVPLPVPVATPAEDVKLGEVATRSFDDVLELLMGEVVLFLSGLEAAAGTLGPDGLKTLLGEAIGLAMRLLAALSGALGKELPKAGDVQFFRDWEKLFDAFRHLLDGLASQAVERGGMLFL,CDLRVLSKLLRDSHVLHSRLSQCPEVHPLPTPVLLPAVDFSLGEWKTQMEETKAQDILGAVTLLLEGVMAARGQLGPTCLSSLLGQLSGQVRLLLGALQSLLGTQLPPQGRTTAHKDPNAIFLSFQHLLRGKVRFLMLVGGSTLC,0.534948334189226,ts50
1y1lA,MVLFVCTVNTSRSEVAKALFNALAEEWSARSAGFEFAEWIDEEAVRLLAQRGLRALEKPVTIDEVDLRRYDLVVTIAEEGEAVELPTDGPSEYWHVEDPYGRRDGDYQEVFEELLRRVAELTGD,KVLFVCIHNTARSVMAEALFNAMAKSWKAESAGVEKAERVDETVKRLLAERGLKAKEKPRTVDEVNLDDFDLIVTVCEESSCVVLPTDKPVTRWHIENPAGKDEGTYRRVLAEIEERVKKLVGE,0.9778056059244268,ts50
3pivA,CAYLEDYETVYEKSLNLLEKMGGAFADLKFPFPDDLFKEMQTAPVDKQVVFLVRVFNLIITLMNHWAHMEATSFDMNKVQEFLNLLAEKSSQLERFVETYNTPQEIAEFETKSQAHFDYLEDYLKKNNYSKEAWEQARAVVRKHFKDLNVIADRAS,CEWLGRYRIITTESLNLLKNMGGKYADLETPFPSRLYTLMDKSKVEDQVKFLVLTLDHIIHLMDAREHMNSVNWDQNTVEDFLNILHRKSSDLKECVARYAKPAHKESYEIRIKRHFRTLKKILKKKQYSAEAWEQIRRVVKSHLQRMDIIASNAR,0.9429921278925176,ts50
1eteA,MDTCFFEENPIDDDYETKFADLLAHMDANKPCVLIANAKEDDVCGGMYYLYEASVLMTKLTEVAGEDEKGLVADVTDCIDFVNTCKQAPPPDCAKFVTVSIQELLAKTIDNLEALDPVITERDFTDCLELKCED,TQDCSFQHSPISSDFAVKIRELSDYLLQDYPVTVASNLQDDELCGGLWRLVLAQRWMERLKTVAGSKMQGLLERVNTEIHFVTKCAFQPPPSCLRFVQTNISRLLQETSEQLVALKPWITRQNFSRCLELQCQP,0.9275202045846777,ts50
1v7mV,VDADLRDRLKIRLRTLAARLSEVPDLDPLPMPVYAPAQDRDRGDVRTIDREERLERLMGRAQLLLEGLNEAAGTKGPTELRELLGALIGLSDQLVAALDAELGEERPEAGTVETYRDWEAHFDAFDTLLSGLVRRAIDDGGRRFL,CDLRVLSKLLRDSHVLHSRLSQCPEVHPLPTPVLLPAVDFSLGEWKTQMEETKAQDILGAVTLLLEGVMAARGQLGPTCLSSLLGQLSGQVRLLLGALQSLLGTQLPPQGRTTAHKDPNAIFLSFQHLLRGKVRFLMLVGGSTLC,0.197543666558914,ts50
1y1lA,MVLFVCYTNTWRSVLAKALFNALAEDWRARSAGVMEAEFVNERARRLLARLGLESEAKPRVLSDIDLEKFGLVVTIAEDDGAFRVPTDLKMLYWRVEDPYGKSTGAYRAVARRVLERVRLLCGR,KVLFVCIHNTARSVMAEALFNAMAKSWKAESAGVEKAERVDETVKRLLAERGLKAKEKPRTVDEVNLDDFDLIVTVCEESSCVVLPTDKPVTRWHIENPAGKDEGTYRRVLAEIEERVKKLVGE,0.95407343098798,ts50
3pivA,CEHLDNYKTLYDKSLDLLAKMGGAFAALKIPFPYELYERMLDAPVDSQVAFMVHTFNRIVDLMDSEAHMDETDWDLEIVENLLTELADKSKDLEVHVAKYTKPAEVEDFEVESWAWFKFIRNMLEREKYSKSAWEQVIAAVKRVMNRLNVIAKAAA,CEWLGRYRIITTESLNLLKNMGGKYADLETPFPSRLYTLMDKSKVEDQVKFLVLTLDHIIHLMDAREHMNSVNWDQNTVEDFLNILHRKSSDLKECVARYAKPAHKESYEIRIKRHFRTLKKILKKKQYSAEAWEQIRRVVKSHLQRMDIIASNAR,0.2574376792834596,ts50
1or4A,GEHYFSTSKVASADRIKLSDKSATEKTQLAALALGDKELFVAAQLAPLISGNNDSIVDATFSALLNNPTVMDLINKHGSASSAKGHFKGFITSLFTGTVNDQFVQALKARAAAHRAVGLTYDTLKASTAVLRAMITAIFKANIPDEAERARAVNTTKKVLAFLRYMVKL,ETAYFSDSNGQQKNRIQLTNKHADVKKQLKMVRLGDAELYVLEQLQPLIQENIVNIVDAFYKNLDHESSLMDIINDHSSVDRLKQTLKRHIQEMFAGVIDDEFIEKRNRIASIHLRIGLLPKWYMGAFQELLLSMIDIYEASITNQQELLKAIKATTKILNLEQQLVLE,0.9199411913303231,ts50
2i39A,TTIKNLLKSYVLFENDSNRAEWNTDYDKLREFYQLVEEGEVEELVAKCKETDTDGPLLDALNEPVNNVNDAKKKVAVLSLTARELGEEWKLDWSECFEVFFEHTEDYFDELETDLWG,SHMRTLLIRYILWRNDNDQTYYNDDFKKLMLLDELVDDGDVCTLIKNMRMTLSDGPLLDRLNQPVNNIEDAKRMIAISAKVARDIGERSEIRWEESFTILFRMIETYFDDLMIDLYG,0.3670679918366906,ts50
4gcnA,ATASSKKAKKETKKGEEAFEKKNFDEAHYHFNKAIEHDPTMLEHYLKAAAVYFREKNYEKCVADCEKAVEIGKKTKADPKLVAKALFLMGDAYLQMNDQASAVKAFKRGLATEKDPEMEKFVKELEH,SNAMTDAAIAEKDLGNAAYKQKDFEKAHVHYDKAIELDPSNITFYNNKAAVYFEEKKFAECVQFCEKAVEVGRETRADYKLIAKAMSRAGNAFQKQNDLSLAVQWFHRSLSEFRDPELVKKVKELEK,0.9729821171609842,ts50
1bvyF,GKKLVILYGSNTGYASGIAEAVAADAKAKGYTPEVAALNDHAEALPKEGAVLIVTASWYGQAPFNAVTFVDWLTANASSDLSGVKFAVYGIGSKSNDTTYFTVPDFINESLQARGSNRVAEIGYADTAKDWTAQFAEWFSQMLAAFAAFFTK,NTPLLVLYGSNMGTAEGTARDLADIAMSKGFAPQVATLDSHAGNLPREGAVLIVTASYNGHPPDNAKQFVDWLDQASADEVKGVRYSVFGCGDKNWATTYQKVPAFIDETLAAKGAENIADRGEADASDDFEGTYEEWREHMWSDVAAYFNL,0.9394538048294262,ts50
1or4A,GTHYFTTDKAAAKDRIKLSDKNADERKTLAELKLDDTQLYKLKQLGPLIDGYIDAIVHATYKYLRKNPDVMTLINTHSSEDTAKGTAKTFILSMFSGVIDNAFVAKMTAAAAAHQAVGFDKDILSASQQTLKDNISDIIATNIPNAAEKQRAIATTRGVLAFTAAMIKS,ETAYFSDSNGQQKNRIQLTNKHADVKKQLKMVRLGDAELYVLEQLQPLIQENIVNIVDAFYKNLDHESSLMDIINDHSSVDRLKQTLKRHIQEMFAGVIDDEFIEKRNRIASIHLRIGLLPKWYMGAFQELLLSMIDIYEASITNQQELLKAIKATTKILNLEQQLVLE,0.860608503909659,ts50
2i39A,TTIYELLIKYVLHENNDQRKDENTDFVTLREYYELVEEGEVEELVAEMRLTNSDGPLLEALKEPVKNVEDAKRKVALLSLCAMNLGEDWNIDWDKCFEVFFRHTESYFDELETEMHG,SHMRTLLIRYILWRNDNDQTYYNDDFKKLMLLDELVDDGDVCTLIKNMRMTLSDGPLLDRLNQPVNNIEDAKRMIAISAKVARDIGERSEIRWEESFTILFRMIETYFDDLMIDLYG,0.1825146281170807,ts50
4gcnA,ENAASKASAAHKEKGAAAYEKGNYDTAHKFYNKAIELDPTNVEHYVKIAEVYYKLKDYEECIRNCEKAVTVGKKTGADSNKVATAKFLEGEAYLKLNDLAKALESFKIGLATFKDPDMEVYVKSLER,SNAMTDAAIAEKDLGNAAYKQKDFEKAHVHYDKAIELDPSNITFYNNKAAVYFEEKKFAECVQFCEKAVEVGRETRADYKLIAKAMSRAGNAFQKQNDLSLAVQWFHRSLSEFRDPELVKKVKELEK,0.8715531950613542,ts50
1bvyF,ARKLLVLYGSDTGTAKGIAEAIAEEAREKGFDPTVADLATHAGKLPKQGAVLIVTSTYNGGAPHNASKFVDWLDATTTGNVKGVAYAVFGVGSKADKDTYWAVPDFINNKLSARGSENIAQIGYADLSKDYEESFAAWWDQMWQAFADHFKS,NTPLLVLYGSNMGTAEGTARDLADIAMSKGFAPQVATLDSHAGNLPREGAVLIVTASYNGHPPDNAKQFVDWLDQASADEVKGVRYSVFGCGDKNWATTYQKVPAFIDETLAAKGAENIADRGEADASDDFEGTYEEWREHMWSDVAAYFNL,0.9516281800077658,ts50
1or4A,ATHYFTTDAAKSKNRINLSDKWAATKKTLKALKLDDAELYKAAQLKPLIAGNSDSIVTATFTSLESNPAIITLINKNGSAATAKTTHVTTITNLYSGVVDDKFVKKLRTVAAAHYAIGMDTDVLLASMDVVATNIANIIAANIPNAAERAKAITATQKVLAFEQCMVND,ETAYFSDSNGQQKNRIQLTNKHADVKKQLKMVRLGDAELYVLEQLQPLIQENIVNIVDAFYKNLDHESSLMDIINDHSSVDRLKQTLKRHIQEMFAGVIDDEFIEKRNRIASIHLRIGLLPKWYMGAFQELLLSMIDIYEASITNQQELLKAIKATTKILNLEQQLVLE,0.93832966518267,ts50
2i39A,DSIKELLRRYVLYMNDDYRTFMDYDDVKLRKFYALVEEGEVEELVKEMRDTKSDGPLLEELREPVKNVEDAKKKVALLSQCAKDIGETWQIDWSLCFEIFFEHCDAYFDALDKELYG,SHMRTLLIRYILWRNDNDQTYYNDDFKKLMLLDELVDDGDVCTLIKNMRMTLSDGPLLDRLNQPVNNIEDAKRMIAISAKVARDIGERSEIRWEESFTILFRMIETYFDDLMIDLYG,0.5606826559889266,ts50
4gcnA,QDEATEEAQKHLKAGKAAFAKGNYEEALKHYEKAIDADPTRIEHYLKKAEVYFQEKDYKKCKKDCDKAVEVGMKTEADAKEVAKAQFLKGEAYLQLNNQEAAVHSYKKGLATYKDPEMVKFVADLKL,SNAMTDAAIAEKDLGNAAYKQKDFEKAHVHYDKAIELDPSNITFYNNKAAVYFEEKKFAECVQFCEKAVEVGRETRADYKLIAKAMSRAGNAFQKQNDLSLAVQWFHRSLSEFRDPELVKKVKELEK,0.9774526262527362,ts50
1bvyF,SRPLVVLYGSDTGTAKGIAKDVADEAKAAGFNPSVAALATHAGNLPKEGAVLMVTETYFGGAPGNAQKFVKWLETNTSANFTGVKYAVFGVGARSFDDTYYTVPEFINNELAARGSERIAEIGYADMAQNYQVQYAQWFDAMWNAIKAHFNN,NTPLLVLYGSNMGTAEGTARDLADIAMSKGFAPQVATLDSHAGNLPREGAVLIVTASYNGHPPDNAKQFVDWLDQASADEVKGVRYSVFGCGDKNWATTYQKVPAFIDETLAAKGAENIADRGEADASDDFEGTYEEWREHMWSDVAAYFNL,0.9549543505175064,ts50
1or4A,GEHYFDQDSASAANRIQLSDDHAAQEAVLAALALDDEELYIAAQLGPLIKANQDGIVAATYESWKKNPAIDDLIQHHGTVETAEADAKTMINSLYNGVVNDAFVVAEKQLAARHKAIGLRFDTLCESLQTVQQKVAQIIKTNITNAAEQAAAIAATEKVLAFAEKMVAS,ETAYFSDSNGQQKNRIQLTNKHADVKKQLKMVRLGDAELYVLEQLQPLIQENIVNIVDAFYKNLDHESSLMDIINDHSSVDRLKQTLKRHIQEMFAGVIDDEFIEKRNRIASIHLRIGLLPKWYMGAFQELLLSMIDIYEASITNQQELLKAIKATTKILNLEQQLVLE,0.9451942115527592,ts50
2i39A,SSIKELLKDYVMFENDDYRAYYSEDFLKLLKFYRMVEKGQVEKLVEDMRETHSDGPLLEALKKPVENVEDAKKKVAILALCARDIGEDADIDWSVCFEIFFKTTEAYFNELEQDLWG,SHMRTLLIRYILWRNDNDQTYYNDDFKKLMLLDELVDDGDVCTLIKNMRMTLSDGPLLDRLNQPVNNIEDAKRMIAISAKVARDIGERSEIRWEESFTILFRMIETYFDDLMIDLYG,0.3698789281923914,ts50
4gcnA,MDVASQAAAVERKKADAAYAKGNYDEALEYFDAAIELDPTDVEHYVKTAEVYFKMKDYEQCVADCDKAVEVGKKTKADAEDVAKAMYLMGAAYLKLNDKKRAVESYWEGLATAKDPDMEKFVAKLQK,SNAMTDAAIAEKDLGNAAYKQKDFEKAHVHYDKAIELDPSNITFYNNKAAVYFEEKKFAECVQFCEKAVEVGRETRADYKLIAKAMSRAGNAFQKQNDLSLAVQWFHRSLSEFRDPELVKKVKELEK,0.9740832218319724,ts50
1bvyF,STNLLILYGSNGGFAKGIANAVADKAKAYGFAPTVATLATHAGALPKEGVVLIVTSTYYGKAPYNAQTFVNVLNTNASGDYTGVNFSVFGVGAKANDTTFHKVPDFINTTLQDRGSKCVAAQGYADLTSKWAAEFTKWFESFMNAIATYFYT,NTPLLVLYGSNMGTAEGTARDLADIAMSKGFAPQVATLDSHAGNLPREGAVLIVTASYNGHPPDNAKQFVDWLDQASADEVKGVRYSVFGCGDKNWATTYQKVPAFIDETLAAKGAENIADRGEADASDDFEGTYEEWREHMWSDVAAYFNL,0.9502529203988576,ts50
3on9A,GTFNYLFVTVDMFPVRETDCAANLGDTSTLATDEFTITLTHTDCTPKFVSSFYSVDNNLATSGFHTEDTKSQDSTTLCQIELTVSCKDGEDTSALQPDTDTFNYPFTSSVMIVGNCLQHLNVEIVFSDTNLPIDMDDVVRYATAGELNTNDIPPFDCDSK,GSFNSIDVEINMYPVNKTSCNSSIGSSSTISTSELTITLTHEDCTPVFIGDYYSVVDKLATSGFFTNDKVHQDLTTQCKINLEIKCNSGRESRQLTPTTKVYLMPHSETVTVVGDCLSNLDVYIVYANTDAIYSDMDVVAYHTSYILNVDHIPPNDCERD,0.2238209987679785,ts50
3vjzA,LETTLTIPKEADALAAKARLALKTASKKMHDVLVGDNAAKKYSLEQHVASMFEYLSTMTEAGGFVFLVAAGGGDYVFEEPLADDLRAKQIDAVAAVLRRAQLLWLKHGDKIVAQAKAGADIAKLKAKYPEFEAEDDAFKAALEEDVPTLESYKDANKETFTDVD,HMTALTLPEDIRQQEPSALLYTLVSAYLEHTAQTGDESLSCLSDDQHTLTAFCYLDSQVEEGGFVQLIASGYGEYIFRNPLADSLRRWKIKAVPKVLDKAKALYEQHGKTIETLADGGADIPSLRKQFPEFEEWDGAYYEAAEQDLPLLAEHIQSNWETFAHIG,0.7381670527753206,ts50
3nbkA,VMTGAVVPGQFDPVTLANVDIFRMASANYDRVWVAVKVNPKDEGLFDLAERLEMVRASTKELPNLRVEVAEDLVVDFVLAKGMNVIVVGLRVGTDFERLLRRAEEWKKVAGVETIFETVSPQFSTVTSTSAKRMFRAGFDVSDLLPEPVVEELEALKA,HMTGAVCPGSFDPVTLGHVDIFERAAAQFDEVVVAILVNPAKTGMFDLDERIAMVKESTTHLPNLRVQVGHGLVVDFVRSCGMTAIVKGLRTGTDFEYELQMAQMNKHIAGVDTFFVATAPRYSFVSSSLAKEVAMLGGDVSELLPEPVNRRLRDRLN,0.9295028993602684,ts50
3l4rA,AFQGGLEELSGKWHSVALASNDLALIQPKGRFRVFIKSLEASEGNLHGVFLVPTGGECREEDFTFEKTDQDNVYHLRWHGFNSYYLADCDPDAYLIAYMVNHREKETYLVAHLMVRDLAAREDYLPAFEEVCRKIGLERDQIVVLSDEDLC,EPQGGLEELSGRWHSVALASNKSDLIKPWGHFRVFIHSMSAKDGNLHGDILIPQDGQCEKVSLTAFKTATSNKFDLEYWGHNDLYLAEVDPKSYLILYMINQYNDDTSLVAHLMVRDLSRQQDFLPAFESVCEDIGLHKDQIVVLSDDDRC,0.963558986493304,ts50
3on9A,GMFNYVEVRVNMYPVEETDCIMDLGSESTISTSEYTITLTHTACTPKFVGSYFTVSDNLATSGFWTENSTSQDESTTCQITLTVTCKDGSAERKLTPITTTFRMPFQSTVTVVGDCFQRLDVRIIFKNTEQPEDDDDRVLYSTAGKLNVDDIPPRDCNTE,GSFNSIDVEINMYPVNKTSCNSSIGSSSTISTSELTITLTHEDCTPVFIGDYYSVVDKLATSGFFTNDKVHQDLTTQCKINLEIKCNSGRESRQLTPTTKVYLMPHSETVTVVGDCLSNLDVYIVYANTDAIYSDMDVVAYHTSYILNVDHIPPNDCERD,0.1897135361052613,ts50
3vjzA,SETKLTIPVEAHKLEPEAKDAMEVSAKDFRQVMVGDSDKKKYTKPQVVLTTFKYLRTFTDSGGFVALIAMGFGDYVFEQPLADNLEAKNIEKVPAVLDKAKTLYDQYGDEIIADAAAGANIADLRAKYPEFEADDAAFHTALEVDLPTLKAEMDDHSEVFVHVL,HMTALTLPEDIRQQEPSALLYTLVSAYLEHTAQTGDESLSCLSDDQHTLTAFCYLDSQVEEGGFVQLIASGYGEYIFRNPLADSLRRWKIKAVPKVLDKAKALYEQHGKTIETLADGGADIPSLRKQFPEFEEWDGAYYEAAEQDLPLLAEHIQSNWETFAHIG,0.8328293882607671,ts50
3nbkA,STTGAVVPGRFDPVTLAHVDIFRQATARFDEVWVAILVNPRREGVFDLETRVEMVEESTKDLPNLRVRIAEDDIVDFVKAKGMNTVVQGLRVGTDVRKLKRDAEKWLRVAGVYTEFMMTDPRYNTVTSSSCREAWLHGDDVSRLLPEPVVKRLKALKH,HMTGAVCPGSFDPVTLGHVDIFERAAAQFDEVVVAILVNPAKTGMFDLDERIAMVKESTTHLPNLRVQVGHGLVVDFVRSCGMTAIVKGLRTGTDFEYELQMAQMNKHIAGVDTFFVATAPRYSFVSSSLAKEVAMLGGDVSELLPEPVNRRLRDRLN,0.962193782430616,ts50
3l4rA,SYQGGLESLSGEWHSVALASDEQELIEPDGAFRVFIKELQAENGNLHGVFLVPLGGNCIEEAYTAERTDISYVYKLRYHGFNRYYLSEVDPDAYLICYLVNRYEEQSYLVAELAVRDLADREEFLPDFAKVCRRIGLDDDQIVVLSEEDRC,EPQGGLEELSGRWHSVALASNKSDLIKPWGHFRVFIHSMSAKDGNLHGDILIPQDGQCEKVSLTAFKTATSNKFDLEYWGHNDLYLAEVDPKSYLILYMINQYNDDTSLVAHLMVRDLSRQQDFLPAFESVCEDIGLHKDQIVVLSDDDRC,0.9780244792016178,ts50
3on9A,GTFNYVMVRVNLYPVTETDCAMNLGAESTITTSELTITLTHSACTPVFVANFYSVVEKLATSGFWTEDSTHQDESTHCHITLVVSCENGAEESELTPTTETFLYPFRSTVTVKGNCLERLNVEIIFRNTDQPIDKDDKVLYSTAGKLDTNDIPPTDCDLT,GSFNSIDVEINMYPVNKTSCNSSIGSSSTISTSELTITLTHEDCTPVFIGDYYSVVDKLATSGFFTNDKVHQDLTTQCKINLEIKCNSGRESRQLTPTTKVYLMPHSETVTVVGDCLSNLDVYIVYANTDAIYSDMDVVAYHTSYILNVDHIPPNDCERD,0.178297849390728,ts50
3vjzA,EDTRLKLPAEANALAPEAKQKLVTASKQFHKTVIHDTDFKIYTREQHVLSMFMYLRTMTNSGGFVYLIAAGFGEFVFDEPLADELRLKDIDAVPAVLERARTLYDKHGADIVAEAKAGADIASLRAQFPEFQAEDEAFRKALKVDDPTTEAYKNANLEVFTNVT,HMTALTLPEDIRQQEPSALLYTLVSAYLEHTAQTGDESLSCLSDDQHTLTAFCYLDSQVEEGGFVQLIASGYGEYIFRNPLADSLRRWKIKAVPKVLDKAKALYEQHGKTIETLADGGADIPSLRKQFPEFEEWDGAYYEAAEQDLPLLAEHIQSNWETFAHIG,0.8106870464382143,ts50
3nbkA,ATTGAVVPGRFDPVTLANVDIFKRAAARFDEVWVAIKVDPTIEYLFDEEERLEMVEESTKDLPNLEVEEADSRVVDFVLSQGMAVVVMGLRVGTDFRELIEKAHRNKAVAGVETHFLQVSPRYSRVSSSSVLAAFLRGLDVSDLLPEPVVERLKALKD,HMTGAVCPGSFDPVTLGHVDIFERAAAQFDEVVVAILVNPAKTGMFDLDERIAMVKESTTHLPNLRVQVGHGLVVDFVRSCGMTAIVKGLRTGTDFEYELQMAQMNKHIAGVDTFFVATAPRYSFVSSSLAKEVAMLGGDVSELLPEPVNRRLRDRLN,0.9562066924683748,ts50
3l4rA,TYEGGLEKLSGEWHSVALASDDWELIEPDGRFRIFIKSLRASDGDLHGVFLVPLGGNCEEEAFTATKTETEHVYHLRYFGHNYLTLVEVDPGEYLVIYMVNEREVETYLVAHLMVRDLEEREDFLPLFEKVCRRIGLDEDQIVVLSREDRC,EPQGGLEELSGRWHSVALASNKSDLIKPWGHFRVFIHSMSAKDGNLHGDILIPQDGQCEKVSLTAFKTATSNKFDLEYWGHNDLYLAEVDPKSYLILYMINQYNDDTSLVAHLMVRDLSRQQDFLPAFESVCEDIGLHKDQIVVLSDDDRC,0.957892735310805,ts50
3on9A,GMFNFVLVWVNLYPVTETDCDMNLGETSTLSSSEYTITLTHTNCTPTFVGSYFDVVDDLATSGFWTESTTKQDETVLCTIELTVTCKDGAAMSELHPQTTQFLYPHESQVTVVGTCLSRLDVEIIFKNTDAPLHMDDRVKYSTAGRLDTDDIPPNDCDSS,GSFNSIDVEINMYPVNKTSCNSSIGSSSTISTSELTITLTHEDCTPVFIGDYYSVVDKLATSGFFTNDKVHQDLTTQCKINLEIKCNSGRESRQLTPTTKVYLMPHSETVTVVGDCLSNLDVYIVYANTDAIYSDMDVVAYHTSYILNVDHIPPNDCERD,0.2068765592823524,ts50
3vjzA,LDTKLKLPPEAKALEPDAYLALVTSAQRFEDSKVKDKDKKKFSHEQHVLSMFQYLKTGTRSGGFIYLIAAGFGDYVFEEPLADNLEKQDIEDVPAVLDKAKKLWAKHGDDIAARAKAGADIADLRKAYPEFREEDRAFQAALEKDIPVLRAYMKANKTVFTTHR,HMTALTLPEDIRQQEPSALLYTLVSAYLEHTAQTGDESLSCLSDDQHTLTAFCYLDSQVEEGGFVQLIASGYGEYIFRNPLADSLRRWKIKAVPKVLDKAKALYEQHGKTIETLADGGADIPSLRKQFPEFEEWDGAYYEAAEQDLPLLAEHIQSNWETFAHIG,0.7920870810605044,ts50
3nbkA,ATTGAVVPGTFDPVTLAHVDIYEKAAENFDEVWVAIKVDPDREGLFDLEERVEMVEDSTKDLPNLRVYVATSEIVDFVRSQGMNTVVLGLRVGTDFDKLIEQARDWYKVAGVDTLFVRSSPDYNTVTSSTAREAWLRGEDVSELLPEPVVTRLKALKG,HMTGAVCPGSFDPVTLGHVDIFERAAAQFDEVVVAILVNPAKTGMFDLDERIAMVKESTTHLPNLRVQVGHGLVVDFVRSCGMTAIVKGLRTGTDFEYELQMAQMNKHIAGVDTFFVATAPRYSFVSSSLAKEVAMLGGDVSELLPEPVNRRLRDRLN,0.9628163293215874,ts50
3l4rA,EPEGGLERLSGEWHSVALASNDMSLVQPHGKFRVFIKSMKAKEGNLNGVYLVPKGGNCEEVHYTFEKTEKDRVYDWYYFGFNILYIVECDPDAYLICYMVNFRNSREYLVAHLMVRDVAAREDFLPEFEAVCRDIGLSHDQIVVMSDEDRC,EPQGGLEELSGRWHSVALASNKSDLIKPWGHFRVFIHSMSAKDGNLHGDILIPQDGQCEKVSLTAFKTATSNKFDLEYWGHNDLYLAEVDPKSYLILYMINQYNDDTSLVAHLMVRDLSRQQDFLPAFESVCEDIGLHKDQIVVLSDDDRC,0.9727687604903484,ts50
3gwiA,MVRLAKHTDIDGKASTEVLEAAYLNAHYQSGQRNRDNQAILAGTDHELARELRAEYRHVDEIPYNDKTRRESVVVADAGARHLLVCMGGLEAILDVCRYVEWSGQIVPLDDEVRKVVRAVTSAFKAQGLHVVAVAVRFLQRREGAFEEADCADLVLLGFVCFLD,MIVLENHTDISGKTSERVLHSAWLNSHYQTGLKNLLDTAVLEGTDEESARSLASRWQKIDEIPFDFERRRMSVVVAENTEHHQLVCKGALQEILNVCSQVRHNGEIVPLDDIMLRKIKRVTDTLNRQGLRVVAVATKYLPAREGDYQRADESDLILEGYIAFLD,0.9757292324862984,ts50
4dkcA,SIFCRVTGKLLVMLEEKNLREYMKELFPWSFKIFVPKEGVFTRDDVEELMNDDVTNTELRYLWVKVSLYQCDAVLSVLEPGHPSYDYLQNVRDKLEVVHKGLTDVTVSDTVRSILARLNAPGPKTYAIKPEELFCQTRDVLMMLYAAECKDSTVEDCRGME,NEECTVTGFLRDKLQYRSRLQYMKHYFPINYKISVPYEGVFRIANVTRLQRAQVSERELRYLWVLVSLSATESVQDVLLEGHPSWKYLQEVETLLLNVQQGLTDVEVSPKVESVLSLLNAPGPNLKLVRPKALLDNCFRVMELLYCSCCKQSSVLNWQDCE,0.7996837503207213,ts50
3so6A,MKAKTFDLRYLGSTKVTATEGNWIVSAAVDTVVARAEASGKPLQKVTLIVSAKGIEITDTKTNAKIEQVDIERIAYNTADEKHDKVFALIAQDADNDTLWLEAFLCDTAEEAVAVHDTVQQAKKVANDFKKVNMTPR,MEGMVFSLKYLGMTLVERPKGEELSAAAVKRIVATAKASGKKLQKVTLKVSPRGIILTDSLTSQLIENVSIYRISYCTADKMHDKVFAYIAQSQQNESLECHAFLCTKRKVAQAVTLTVAQAFKVAFEFWQVSLVPR,0.9767212668420856,ts50
3lqcA,ASTDQEYTVECDNQDATECSANLLNSAEYQDWRAAKLGQEAISVRLQLKKAQKIESVEVGSDGSAEMEVLVGKAKGGKGLDDFVVLLTDTEFMTPEESESGQNPSRTRHFGKDSLVAAAADKKWDMVLVLCRQPYNKDEPFGLNFVRFYTP,PEIRLRHVVSCSSQDSTHCAENLLKADTYRKWRAAKAGEKTISVVLQLEKEEQIHSVDIGNDGSAFVEVLVGSSAGGAGEQDYEVLLVTSSFMSPSESRSGSNPNRVRMFGPDKLVRAAAEKRWDRVKIVCSQPYSKDSPFGLSFVRFHSP,0.9766832183397338,ts50
3gwiA,TLELARHVDIDGRQSRSVLRAAFLNAHYQEGRQNPINAAILQGTEAATEARMTETFRLVDEIPFNELQRRVSVVVADRDARYLLVCMGGLQEILAVCSYVEHEGQTVPLDATMQELVRRVTSRLREAGLHVIAVAVKFLPRRTGAFYDSDMSDLVLLGFVAFRR,MIVLENHTDISGKTSERVLHSAWLNSHYQTGLKNLLDTAVLEGTDEESARSLASRWQKIDEIPFDFERRRMSVVVAENTEHHQLVCKGALQEILNVCSQVRHNGEIVPLDDIMLRKIKRVTDTLNRQGLRVVAVATKYLPAREGDYQRADESDLILEGYIAFLD,0.9823529390289816,ts50
4dkcA,EQMCMVTGKLLEHLADEHLQHYMSANFPRDFKIYSPPEGRLTIANVRSLQDNCVTAEELRYLWVRVSIYACKTVLSVLEPGHPSYKFLEEVRSLLRQVHEGLKSVEVSQVVEDLLKRLNAPGPDTLKVEPMELFKHTKEVMEELYAEKCKTSSVEDCQNLT,NEECTVTGFLRDKLQYRSRLQYMKHYFPINYKISVPYEGVFRIANVTRLQRAQVSERELRYLWVLVSLSATESVQDVLLEGHPSWKYLQEVETLLLNVQQGLTDVEVSPKVESVLSLLNAPGPNLKLVRPKALLDNCFRVMELLYCSCCKQSSVLNWQDCE,0.7878206488835726,ts50
3so6A,MNPVTFELQYLGETAVKTVVGTDIVEQAVDKVVAAARASGEELRKVTLTVSAKGVEIKDQATKQLIEDIDIEKISYCSADSHYDKVFSIIAVNKVNETLICKAFLCKDEEEAVAVAETVARAFRVAKLFLLVGLRPM,MEGMVFSLKYLGMTLVERPKGEELSAAAVKRIVATAKASGKKLQKVTLKVSPRGIILTDSLTSQLIENVSIYRISYCTADKMHDKVFAYIAQSQQNESLECHAFLCTKRKVAQAVTLTVAQAFKVAFEFWQVSLVPR,0.9672484462869448,ts50
3lqcA,VAASLTYRVECRDADATECMARLLSSDEYKDWRAAKRGEDEISVRLDLKEAQKITSVDVGSDGAAYVEVSVGTSAGGAGQDDFLVLLVETEFMTPEEAESGVNPDRVKYFGPDDLVAAAAERTWDLVLVTCRQPNNRDTPFGLNFIEFHSP,PEIRLRHVVSCSSQDSTHCAENLLKADTYRKWRAAKAGEKTISVVLQLEKEEQIHSVDIGNDGSAFVEVLVGSSAGGAGEQDYEVLLVTSSFMSPSESRSGSNPNRVRMFGPDKLVRAAAEKRWDRVKIVCSQPYSKDSPFGLSFVRFHSP,0.9015826903647958,ts50
3gwiA,MLRLEKHTNIDGKESRLVLSAAYLCAHYQSGYKNDSNAAILEGTDAASAKELRARFKLVDEVPWNEELRRVSVVVAAREEMWLLVCMGGLEEILDVCRHVRHDGEIVPLDDIVLRLVRRVTKAFRAAGLKVRAVAVKDLPRRAGAFHAADMADLILLGFVAFRD,MIVLENHTDISGKTSERVLHSAWLNSHYQTGLKNLLDTAVLEGTDEESARSLASRWQKIDEIPFDFERRRMSVVVAENTEHHQLVCKGALQEILNVCSQVRHNGEIVPLDDIMLRKIKRVTDTLNRQGLRVVAVATKYLPAREGDYQRADESDLILEGYIAFLD,0.9806289989913636,ts50
4dkcA,KKACDVVGKLIEKLKDSNITYYCKQLFPEDFKINVPPEGIFTVENIEKLLKDKVTEEELRYLWVRVSLYQTDAVLSVLEPEHPSYSYLREVRELLEIVEKGLTDVEVCETVMKLLERLNAPGPKTMKIKPEDLFEQTDDVMVELFAFQCKDTEEESCKGMR,NEECTVTGFLRDKLQYRSRLQYMKHYFPINYKISVPYEGVFRIANVTRLQRAQVSERELRYLWVLVSLSATESVQDVLLEGHPSWKYLQEVETLLLNVQQGLTDVEVSPKVESVLSLLNAPGPNLKLVRPKALLDNCFRVMELLYCSCCKQSSVLNWQDCE,0.8377936224988206,ts50
3so6A,MKQVVFDLEYLGETKVDSNQGDHITAKAVETVVAKAKASGKELKKVTLTVSPKGISITDKATKNQIEQIDIARIAYNTADREYDKVFSIIYKDAQNDTLILRAYLCDDTEEAVAVHDTVDKAMTVAKQFRKVKMTPK,MEGMVFSLKYLGMTLVERPKGEELSAAAVKRIVATAKASGKKLQKVTLKVSPRGIILTDSLTSQLIENVSIYRISYCTADKMHDKVFAYIAQSQQNESLECHAFLCTKRKVAQAVTLTVAQAFKVAFEFWQVSLVPR,0.983526643868095,ts50
3lqcA,MRAENLYTVSCDNADATACMADLLSSDEYKDWRASKRGEETLSVLLELKKAEKITSVKVGSFGAAYCQVLVGESTGGCGLDDYVVLLTDTIFMTPEEAKSGENPNRTKYFGLDELVAAAARKTWDLVLVTASQPHNKDAPFGLNFISFFSP,PEIRLRHVVSCSSQDSTHCAENLLKADTYRKWRAAKAGEKTISVVLQLEKEEQIHSVDIGNDGSAFVEVLVGSSAGGAGEQDYEVLLVTSSFMSPSESRSGSNPNRVRMFGPDKLVRAAAEKRWDRVKIVCSQPYSKDSPFGLSFVRFHSP,0.8706322461071717,ts50
3gwiA,MLRLERHTNVEGQESTLVLEAAYLNAYYQTGLKNKCNAAVLEGTDRATAEALRARYGHVDEIPWDQRDRRVSVVVADRHGRYLLVCMGGLEEMLTVCSHVEREGAVVPLDAEELRLVQRVTARMRQSGLEVVAVAVKFLDAREGDFWESDMSKLQLLGFVAFRD,MIVLENHTDISGKTSERVLHSAWLNSHYQTGLKNLLDTAVLEGTDEESARSLASRWQKIDEIPFDFERRRMSVVVAENTEHHQLVCKGALQEILNVCSQVRHNGEIVPLDDIMLRKIKRVTDTLNRQGLRVVAVATKYLPAREGDYQRADESDLILEGYIAFLD,0.9739579958821044,ts50
4dkcA,DTMCKISGELLVELKDENILHYMQEQFPKDYKINVPPEGVFTESDVQTLRQAKVTETELRYLWVKVSLYQCKAVLSVLEPAHPSYEFLKDVKALLRKVHEGLRDVTISDIVRKLLERLNAPGPKTLSVKPEQLFKQFLQVMILLYEDLCKLTDEKDCKNLK,NEECTVTGFLRDKLQYRSRLQYMKHYFPINYKISVPYEGVFRIANVTRLQRAQVSERELRYLWVLVSLSATESVQDVLLEGHPSWKYLQEVETLLLNVQQGLTDVEVSPKVESVLSLLNAPGPNLKLVRPKALLDNCFRVMELLYCSCCKQSSVLNWQDCE,0.8571913934494693,ts50
3so6A,MKAVVFDLSYLGSTKVNEPMGDHICEAAVEEVVARAKASGQELKKVTLIVSARGIEITDTATQALLKDIDINRIAYNSADKKHDKVFSIIHQNAQNDTLILTSFLCDDAEEAKAVHDTVDKAFDVADDFDKIDKIPE,MEGMVFSLKYLGMTLVERPKGEELSAAAVKRIVATAKASGKKLQKVTLKVSPRGIILTDSLTSQLIENVSIYRISYCTADKMHDKVFAYIAQSQQNESLECHAFLCTKRKVAQAVTLTVAQAFKVAFEFWQVSLVPR,0.988858133606209,ts50
3lqcA,MRASNCYTQQCSDADATACMANLLNSADYKAWLKAKKGQSAISVELRLKSAERIESVEVGSDGAYFVKVMVGSAAGGCGLADFELLLTETEFMSPEEAKTGESPDTVQYFGAEALVAAAAKKEWDLVMVVASQPHNKNTPFGLNFIEFHSP,PEIRLRHVVSCSSQDSTHCAENLLKADTYRKWRAAKAGEKTISVVLQLEKEEQIHSVDIGNDGSAFVEVLVGSSAGGAGEQDYEVLLVTSSFMSPSESRSGSNPNRVRMFGPDKLVRAAAEKRWDRVKIVCSQPYSKDSPFGLSFVRFHSP,0.9288591957568184,ts50
3gknA,MDDRALVLPETTWNLPLALVGGRSTTLAAHRGHWLVLWFFPKCSTPGAVRLGLDFDRLYPEFARLGADILGVSTDSVAACERFQARHGFDFPLVADGDLSLSRAFRVIVSRQWQGKYVTGIDESAFLLSPAGRVMHAWRAVQTNGMAQAVLARLQDLSR,MTDAVLELPAATFDLPLSLSGGTQTTLRAHAGHWLVIYFYPKDSTPGATTEGLDFNALLPEFDKAGAKILGVSRDSVKSHDNFCAKQGFAFPLVSDGDEALCRAFDVIKEKNMYGKQVLGIERSTFLLSPEGQVVQAWRKVKVAGHADAVLAALKAHAK,0.9539779450862096,ts50
3nngA,GKPGHWEAVATADWKCSASDVFDDDEEKYGAERAVDGDIDTTWFTWGTAVAGECWWQVKLDTPVDLAGFSVTRQTTVGAGHDLKSAKVRVRKAGDSDWETYPKTFTFADFNGAQPQYAAVTPPIPNVAEFRLKILTPDDYTGFAEINLYEYAE,TKPGNWSAVDRSAWSVSCSNVYADDDAKYGAHLAIDGEINTTWFTWGVANAGECWWNTVLDRPVTLTGFSVTKQSAYGSGYNLRSAEIKVRKEGETEWVTYPRVLTFRNFKGADPQYAAIEPPIPNVKEFRINCLTPDNYTGFAEINLYEKQL,0.9542561992127508,ts50
2j49A,DSQYKSAYATFQNWVATADEVHRPELTEVQYPVFVYLYLNSVAADPAEAKKFFDTFAPLFQEKYGYEIDQLHAVTSTEDIAKNAVASRLEAAKSVVTMSKEVLEQLLTFEKENKATGGDLIKKVIATNLDPNVK,PENYIRAYSMLKNWVDSSLEIYKPELSYIMYPIFIYLFLNLVAKNPVYARRFFDRFSPDFKDFHGSEINRLFSVNSIDHIKENEVASAFQSHKYRITMSKTTLNLLLYFLNENESIGGSLIISVINQHLDPNIV,0.9693033208671936,ts50
3fhkA,AMAKAIAAAKEAAKAVIPKFDELTGAGFTRLSTAAEVRDFFTTLKGTMLLVNSSKCEDYQGVATPAATRAVKEAAKVPKHKMMVFYGVETDAYERHREYMKGAKPSSPCMWLFRGNRVVHYMPFDSIEGKDLADVIKAFQKAFTAHC,SNAMSMAYEEYMRQLVVPMRRELTGAGFEELTTAEEVENFMEKAEGTTLVVVNSVCGCAAGLARPAATQAVLQNDKTPDNTVTVFAGQDKEATAKMREYFTGAAPSSPSMALLKGKEVVHFIPRHEIEGHDMEEIMKNLTAAFDAHC,0.6227879163074131,ts50
3gknA,ATEHALELPERTRRLPLALLGGTSTTLYAHRGAWLVLVFFPKCSTPGAVKLGLDFTALYPLFAEAGAAILGISTDSVAAHERHQATYGFTFPMVSDGDLALARAFQVIKEETFNGRLVEGIERSAFLLSPDGQVAHAWRSMVVEGMAEAVLARLKRLSH,MTDAVLELPAATFDLPLSLSGGTQTTLRAHAGHWLVIYFYPKDSTPGATTEGLDFNALLPEFDKAGAKILGVSRDSVKSHDNFCAKQGFAFPLVSDGDEALCRAFDVIKEKNMYGKQVLGIERSTFLLSPEGQVVQAWRKVKVAGHADAVLAALKAHAK,0.9500181245246198,ts50
3nngA,GKPGNWEEVATSDWQASASTVYDDDEAKYGAWLAVDGNINTTYFQYGTAIAGDCWWQAKLDTPVTLAGFSVTRQSTVGAGYDLKSARLRYKRAGSTEWTTYPQVATFTEFQGDEPQYAAVMPPIPDVAEFQIVFLTPDDYTGFAEIDLYKYAE,TKPGNWSAVDRSAWSVSCSNVYADDDAKYGAHLAIDGEINTTWFTWGVANAGECWWNTVLDRPVTLTGFSVTKQSAYGSGYNLRSAEIKVRKEGETEWVTYPRVLTFRNFKGADPQYAAIEPPIPNVKEFRINCLTPDNYTGFAEINLYEKQL,0.9810986281649782,ts50
2j49A,ANNYDKAYDTFYDWVAKADATHRPELKEIQYPVFIYLYLDLVAEDPAEAKAFFDTFSPNFQEKHGEEINELYNVTSTADIEKNEVASDYTEAKYKVTMSKEVLDDMMTFCNKNAATGGSLLIDVINTNLKPIIV,PENYIRAYSMLKNWVDSSLEIYKPELSYIMYPIFIYLFLNLVAKNPVYARRFFDRFSPDFKDFHGSEINRLFSVNSIDHIKENEVASAFQSHKYRITMSKTTLNLLLYFLNENESIGGSLIISVINQHLDPNIV,0.9831370014820978,ts50
3fhkA,AVAALIATLAKAADSVKPRKDELTGKGFTALTTAAEVDDFMTTMTGTMLWLISSMCSDFQGIAAPAAVRAVKEATHVPKHKMMVFDGLDVDATAKAEAYMKGSAPSAPSMALFQGSKVVHYYPIHRIEGHDLAEVVKNFQAAFTAHC,SNAMSMAYEEYMRQLVVPMRRELTGAGFEELTTAEEVENFMEKAEGTTLVVVNSVCGCAAGLARPAATQAVLQNDKTPDNTVTVFAGQDKEATAKMREYFTGAAPSSPSMALLKGKEVVHFIPRHEIEGHDMEEIMKNLTAAFDAHC,0.9206018196002392,ts50
3gknA,FKSEKLVLPEATWDLPLALLGGTDTTLQAHQGSWLVLWFFPRCSTPGAVKLGLDFNALYPEFAKLGAHILGVSTDSVAAHEACQARHGFDFPWVSDGDLTLSRAFRVIKERQFSGRLKAGIEASAFLLSPEGEVLAEWRSVEVEGHAQAVLAKLKKLSH,MTDAVLELPAATFDLPLSLSGGTQTTLRAHAGHWLVIYFYPKDSTPGATTEGLDFNALLPEFDKAGAKILGVSRDSVKSHDNFCAKQGFAFPLVSDGDEALCRAFDVIKEKNMYGKQVLGIERSTFLLSPEGQVVQAWRKVKVAGHADAVLAALKAHAK,0.9578477375812298,ts50
3nngA,AKPGNWEEVDTSDWTASASNVYDDDDEKYGAELAVDGNINTTYFMHGTARAGDCWWKAKLDTPVDLAGFSVTRQTAVGPGHDLKSARVRYRRAGDTTWRAYPNEFTFDDFTGEEPQYAAIDPPIPDVAEFRLNILTPNNYTGFAEINLYKLAD,TKPGNWSAVDRSAWSVSCSNVYADDDAKYGAHLAIDGEINTTWFTWGVANAGECWWNTVLDRPVTLTGFSVTKQSAYGSGYNLRSAEIKVRKEGETEWVTYPRVLTFRNFKGADPQYAAIEPPIPNVKEFRINCLTPDNYTGFAEINLYEKQL,0.9818973499008014,ts50
2j49A,HSTFEQAYATYNNWVATADASHKPELKEISYPVFVYLYLNLVKDDPTNAKEFFDKFSPDFQEKHGEEINELYAVDSTKDISANSVASQYTSAKFRVQLSKEVLNSMMAFCTENSADGGDLLISTINTCLEPNVV,PENYIRAYSMLKNWVDSSLEIYKPELSYIMYPIFIYLFLNLVAKNPVYARRFFDRFSPDFKDFHGSEINRLFSVNSIDHIKENEVASAFQSHKYRITMSKTTLNLLLYFLNENESIGGSLIISVINQHLDPNIV,0.9872924964286592,ts50
3fhkA,EMTEDIAAIKKQAQQTKPLFEELTGKGFTLLTTAAEVRDFMNTAQGTMLWFVSSYCLDYHQIAAPAAVRAVANAAKRPAHKWMVFAGWDLDAYKKAEAYCDGSAPTAPCMSLFQGNTVVHYIPFHAIEGKDLAEVQANFQNAFNAHC,SNAMSMAYEEYMRQLVVPMRRELTGAGFEELTTAEEVENFMEKAEGTTLVVVNSVCGCAAGLARPAATQAVLQNDKTPDNTVTVFAGQDKEATAKMREYFTGAAPSSPSMALLKGKEVVHFIPRHEIEGHDMEEIMKNLTAAFDAHC,0.8918791603104148,ts50
3gknA,MTTETLELPESAWELPLALLGGKQTTLKAHEGHWLVLWFFPKCSTPGAVRLGLEFDALYPQFKANGAHILGVSTDSVAAHEREQAKHGFDFPLVSDGDLSLARAFDVIKRRQFEGALVEGIERSAFLLSPDGHVAHAWRHSETEGHAQAVLAKLKALAA,MTDAVLELPAATFDLPLSLSGGTQTTLRAHAGHWLVIYFYPKDSTPGATTEGLDFNALLPEFDKAGAKILGVSRDSVKSHDNFCAKQGFAFPLVSDGDEALCRAFDVIKEKNMYGKQVLGIERSTFLLSPEGQVVQAWRKVKVAGHADAVLAALKAHAK,0.9392990618797936,ts50
3nngA,GQPGNWQAVDKSAWTASASNVWDNDEEKYGAELAVDGDIDTTWFCYGTAVAGDCWWKITLENPVTLAGFSVTRQTTAGAGRDLKSARLKIRKAGSDDWEVIPQEYTFDDFQGDKPQYQAITPPIPDVAVFRLDMLTPNDYTGFAEIELYKFKD,TKPGNWSAVDRSAWSVSCSNVYADDDAKYGAHLAIDGEINTTWFTWGVANAGECWWNTVLDRPVTLTGFSVTKQSAYGSGYNLRSAEIKVRKEGETEWVTYPRVLTFRNFKGADPQYAAIEPPIPNVKEFRINCLTPDNYTGFAEINLYEKQL,0.9664224189174584,ts50
2j49A,PDNYIHAYSTYYNWVATADEIDKPELQEIEFPVFIYLFLTLVRENPERAKTFFDKFSPDFQDKHGYDINKLYSVTSEADVAKNEVAKKWTSAKFVVTLSKEVMDELLTYMTKNAAKGGDLIMDVVNTCLDPNVV,PENYIRAYSMLKNWVDSSLEIYKPELSYIMYPIFIYLFLNLVAKNPVYARRFFDRFSPDFKDFHGSEINRLFSVNSIDHIKENEVASAFQSHKYRITMSKTTLNLLLYFLNENESIGGSLIISVINQHLDPNIV,0.9782459920098888,ts50
3fhkA,AMAKLLSAIKDKVAAVKPIFDALTKAGFELLSTAEEVKDFMNTAEGTMLWVNNCLCGTYIGIAFPAAVRAVKQAEKVPKHKLMVFAGVDVDAYRRMTAYLVGSYPSAPCMALFRGNKVVYYFPEDDIEGKDLKTVEAHFMNAFEAHC,SNAMSMAYEEYMRQLVVPMRRELTGAGFEELTTAEEVENFMEKAEGTTLVVVNSVCGCAAGLARPAATQAVLQNDKTPDNTVTVFAGQDKEATAKMREYFTGAAPSSPSMALLKGKEVVHFIPRHEIEGHDMEEIMKNLTAAFDAHC,0.9266436767192968,ts50
2va0A,SPARSLLRRMVGMARNMDTTALRECLAAMPAEEQKHIYVVDADNCDLLERPLPPGVMELHPQCTASHPFSELEYADQTLYGERIELKDGRSVTLVTISD,SPAKRLLFQMVGNAINRNTQQLTQDLRAMPNWSLRFVYIVDRNNQDLLKRPLPPGIMVLAPRLTAKHPYDKVQDRNRKLYGRHITLNDGNSVKVVTISA,0.4452331883613435,ts50
3hklA,TGYCAEYTGKVCEDDLVEKSKVWFNTAFPDPEEAQENLIEKAEEELDKISPKCRPAAKALLCNHAFQECSPGDNPKPLPICREYCLLVKYDYCAEEYDKMYQAALQKLKKAGTEFDPVPDCATLPSAKEDPTSCTSLPFLS,KGYCAQYRGEVCDAVLVKDSLVFFNTSYPDPEEAQELLIHTAWNELKAVSPLCRPAAEALLCNHLFQECSPGVLPTPMPICREYCLAVKELFCAKEWLAMEGKTHRGLYRSGMHFLPVPECSKLPSMHQDPTACTRLPYLD,0.8578819366339625,ts50
2xr6A,TCPSGWTEYQGYCYYFSDFKKNWNDSVTYCEKQGAELVVVTSEDEFAFLISKANDANRTTWIGLNDKEVPGVYVWNDGSPLKPEFRAYFNDGEPDGSGNEDAIVLQGQGLNDNNSATKTHYICQKSMEDA,PCPWEWTFFQGNCYFMSNSQRNWHDSITACKEVGAQLVVIKSAEEQNFLQLQSSRSNRFTWMGLSDLNQEGTWQWVDGSPLLPSFKQYWNRGEPNNVGEEDCAEFSGNGWNDDKCNLAKFWICKKSAASS,0.9899268506808137,ts50
3ii2A,HTIEYEVTSENEENTMKHELLYSVEKRWFAQPVESDDDTGRLYYELAPGDYIRFSLDVDYEKDYAEFRVAYVSVAENGTITKTTVYSVSMSWDVLDRIENDKTAPDILKDFIKRSPEYNKTSDTDETEYSVSMDADELLKAIKAYLDEYY,SVVEYEVVSKNLTSKMSHELLFSVKKRWFVKPFRHDRQLGKLHYKLLPGNYIKFGLYVLKNQDYARFEIAWVHVDKDGKIEERTVYSIETYWHIFIDIENDLNCPYVLAKFIEMRPEFHKTAWVEESNYSIAEDDIQMVESIKRYLERKI,0.2917728768922967,ts50
2va0A,SPAKDLLQSLTGTAREMDRHALRSQLARLPATEQRHIFVVDQNLEDLLDRPLPPGILALQPLCTAEHPMAELQYNDRELYGERITLKDGQSVTIITISE,SPAKRLLFQMVGNAINRNTQQLTQDLRAMPNWSLRFVYIVDRNNQDLLKRPLPPGIMVLAPRLTAKHPYDKVQDRNRKLYGRHITLNDGNSVKVVTISA,0.4528817847131176,ts50
3hklA,TGYCAEYTGEICNEDLVKNSKVYFNTSYPDPEREQEMLIKKAEEELDKISPKCQPAAMALLCNHEFQECSPGENPTPLPICKEFCELVKYEHCKDEWQTMERNAKQKLKKSGKSFDPVPECETLPSLDEDPNACTKLPFLL,KGYCAQYRGEVCDAVLVKDSLVFFNTSYPDPEEAQELLIHTAWNELKAVSPLCRPAAEALLCNHLFQECSPGVLPTPMPICREYCLAVKELFCAKEWLAMEGKTHRGLYRSGMHFLPVPECSKLPSMHQDPTACTRLPYLD,0.898606560230676,ts50
2xr6A,KCPEGWVEYQGKCYYFSDTKHNWPDSVTACEESGAMLVVVTSEDEWTYLIALSRNSGQTTWIGLSNEAVPGVWTWTDGSPLAPEFQKFFNDGYPDGEGWEDAIVINGDGLDDTGSSTKNHYICQKSESAA,PCPWEWTFFQGNCYFMSNSQRNWHDSITACKEVGAQLVVIKSAEEQNFLQLQSSRSNRFTWMGLSDLNQEGTWQWVDGSPLLPSFKQYWNRGEPNNVGEEDCAEFSGNGWNDDKCNLAKFWICKKSAASS,0.9731788826229244,ts50
3ii2A,STTNYEVTSHNESQKMHHELLWSVKKLWFAQPSQSDDEEGKLFFELKPGNYLMFSLHVNYNDDYAKFSVEYVTVDEDGTVSETTVYEISMQYVVLKAILNDINAPEILKDFIRRAPKYEKVSDIKESDDSVDQDSDQLLESIKAYLDTYL,SVVEYEVVSKNLTSKMSHELLFSVKKRWFVKPFRHDRQLGKLHYKLLPGNYIKFGLYVLKNQDYARFEIAWVHVDKDGKIEERTVYSIETYWHIFIDIENDLNCPYVLAKFIEMRPEFHKTAWVEESNYSIAEDDIQMVESIKRYLERKI,0.3912340978393886,ts50
2va0A,TPARQMLRAMCGSAKHMDREALRQCLAALPAELQEHVFIVDENNQDLLERPLPPGVMALEPLCTQERPYARLLFAACTLFGEHIQLKDGRSVTLITLSS,SPAKRLLFQMVGNAINRNTQQLTQDLRAMPNWSLRFVYIVDRNNQDLLKRPLPPGIMVLAPRLTAKHPYDKVQDRNRKLYGRHITLNDGNSVKVVTISA,0.3940150961753991,ts50
3hklA,TGYCGEYTGEKCNDTLVSASKVFFDTSYPDPEKAQEDLIKKCEEELKKISPTCKPAAKALLCNHQFPECSPGANPVPKPICREYCLLVKYHYCADEFDKMEKSTVESLEQAGAKFDPVPDCSTLPSAAEDPTKCTSLPFMK,KGYCAQYRGEVCDAVLVKDSLVFFNTSYPDPEEAQELLIHTAWNELKAVSPLCRPAAEALLCNHLFQECSPGVLPTPMPICREYCLAVKELFCAKEWLAMEGKTHRGLYRSGMHFLPVPECSKLPSMHQDPTACTRLPYLD,0.8411057885940839,ts50
2xr6A,ACPSGWIEYNGYCYYFSDTTLNWDDSITKCKNEGAMLVVVTSDDEFDYLTALAKTRGRLTWIGLSDKKTPGVYTWDNGSPLAPEFEAYFNSGEPDGEGVEDAIVFDGTGLDDLACDTENYYICQKSEEDA,PCPWEWTFFQGNCYFMSNSQRNWHDSITACKEVGAQLVVIKSAEEQNFLQLQSSRSNRFTWMGLSDLNQEGTWQWVDGSPLLPSFKQYWNRGEPNNVGEEDCAEFSGNGWNDDKCNLAKFWICKKSAASS,0.9748537341246212,ts50
3ii2A,PVTSYCVTSDNDDDDMIHELLYSVKEKNFVKPDESDAETGKLYYELEPGVYYKFSLIVNKNADFAELLVMRVTVEEDGSVEEEVVFKIETEYTVFDAIRNDDAAPDVLKDFLRRSPKYNKTSKISESEFSEEDDAEELKASIKSYLKTYL,SVVEYEVVSKNLTSKMSHELLFSVKKRWFVKPFRHDRQLGKLHYKLLPGNYIKFGLYVLKNQDYARFEIAWVHVDKDGKIEERTVYSIETYWHIFIDIENDLNCPYVLAKFIEMRPEFHKTAWVEESNYSIAEDDIQMVESIKRYLERKI,0.4373669152488983,ts50
2va0A,SPALELLDAMAGVAVHMCREALTQTFAHLPAEQQEHIYIVDENLQDLLQRPLPPGILKLHPLCTAEHPREVLDFHESLLYGERITLKDGQSVTLITLSE,SPAKRLLFQMVGNAINRNTQQLTQDLRAMPNWSLRFVYIVDRNNQDLLKRPLPPGIMVLAPRLTAKHPYDKVQDRNRKLYGRHITLNDGNSVKVVTISA,0.1999817789225288,ts50
3hklA,NGYCADYTGDVCLDLLVAESKYWFDTAFPDPEAAQENLIKKAEKELKKISPSCRPAAKSLLCNHKFQQCSPGANPVPLPICREYCLAVKYDYCADEWDAMDNAVVKSLKKAGMEFEPTPDCTTLPSLEEDPTACTKLPFLD,KGYCAQYRGEVCDAVLVKDSLVFFNTSYPDPEEAQELLIHTAWNELKAVSPLCRPAAEALLCNHLFQECSPGVLPTPMPICREYCLAVKELFCAKEWLAMEGKTHRGLYRSGMHFLPVPECSKLPSMHQDPTACTRLPYLD,0.8665470941093425,ts50
2xr6A,TCPYGWIFYHGFCYYFSTTKRNWDDSITKCKSQGAMLVVVESEDEFDFLTNLADTSGRITWIGLSDKDQPGVYTWNDGSPLLPTFKSFFNDNEPNGEGWEDAITIDGDGLSDLNSDSKAHYICQKSMSEA,PCPWEWTFFQGNCYFMSNSQRNWHDSITACKEVGAQLVVIKSAEEQNFLQLQSSRSNRFTWMGLSDLNQEGTWQWVDGSPLLPSFKQYWNRGEPNNVGEEDCAEFSGNGWNDDKCNLAKFWICKKSAASS,0.9516082698146848,ts50
3ii2A,ATTTFEVTSKNEEDHMVHELLHSVEEKTFAKPDKSDDEAGELFYQLEPGDYLKFVLNVNYDRDFAEFSVESVTVREDGKVNEEEVYSLSMSYDTVDSVRHDEDAPAILKTFLQASPEFRKTSDVQESDRQVDENADQLLEAIKDYMETYL,SVVEYEVVSKNLTSKMSHELLFSVKKRWFVKPFRHDRQLGKLHYKLLPGNYIKFGLYVLKNQDYARFEIAWVHVDKDGKIEERTVYSIETYWHIFIDIENDLNCPYVLAKFIEMRPEFHKTAWVEESNYSIAEDDIQMVESIKRYLERKI,0.424434940970213,ts50
2cayA,DYMNYLHQVDTTEDGIPVLRKGERIIYQDAAVGLYFGKAPLEGLEDGKILLTTKRLIFVDKRRPTEDSLGLDLSDLKSIEYLPGVDSRYPLLVLHFKNPASEEEYLELSFKASDGRSFSQATEEALKDILEQ,HHMEYWHYVETTSSGQPLLREGEKDIFIDQSVGLYHGKSKILQRQRGRIFLTSQRIIYIDDAKPTQNSLGLELDDLAYVNYSSGFLTRSPRLILFFKDPSSSTEFVQLSFRKSDGVLFSQATERALENILTE,0.9361556515496106,ts50
3t5gB,NEVRAKAIAAGFHLNRWHLRDAQTGEVLFQGETDYSVPGVLHTARVPRHILECAAVKMELQFSSTEAMENFRLKLRVYFEGELFMTMHFKFGHVEPNSTTEFTALLESLPAEERLPAEKLTGHVVIRTCIYDRDLLVSMSETRLYFV,KDERAREILRGFKLNWMNLRDAETGKILWQGTEDLSVPGVEHEARVPKKILKCKAVSRELNFSSTEQMEKFRLEQKVYFKGQCLEEWFFEFGFVIPNSTNTWQSLIEAAPESQMMPASVLTGNVIIETKFFDDDLLVSTSRVRLFYV,0.8875182744667273,ts50
3ieyB,MKLKIPWDEVWYLGYNKGDHVEISEPELLYVLEYRPELAKKLRLDRDEIVKEGVEAYDMFWEIYNTVKDLVNKGYRVRWNGFFIELYPKGEIPGSRDAEYLVYPVAGWDRLTVGELKRIVNKALERETRFMLAVVDDQGNVSYIEYTKIDAH,MNLRIPWKEVYYLGYNMGNYIKISEPELLFVLRNKPQIKDRLKLDEKTIIKEGVKKYKNFWEIYYTVKDLILRGYRVRFDGFFIELYEKGIIPGTIEQDYLVYPVSGEIRMTWGELLDIYNKAIARKSKFMLAIVDSEGDVTYYEFRKLRSN,0.9457834350376104,ts50
3aqgA,ALFGPGGGTFFQTEKTEEYRITGIEVSVGDEWLKSIRLELGDEWDLRHGAEGGSEEYYELDPGEWIIQAIVAFDDLLTGMILHTSMDRTFRFGHMDGDKLELKPTEEGARMKGIFGEYCEEGIRAVGFRWDLA,KMYGPGGGKYFSTTEDYDHEITGLRVSVGLLLVKSVQVKLGDSWDVKLGALGGNTQEVTLQPGEYITKVFVAFQAFLRGMVMYTSKDRYFYFGKLDGQISSAYPSQEGQVLVGIYGQYQLLGIKSIGFEWNYP,0.9734905768940944,ts50
2cayA,TYMRYLHHVRTTECGEPILEEGEKLVHMDEHVGLYYGREPVVGLEDGRMYLTTEKVIYVDKEKPTRDSLGLKLSDLDAVRFQPGEDSTHPLLVLMFKDPASDDEFLQLSFAASDGLDFAEATETALQEILTT,HHMEYWHYVETTSSGQPLLREGEKDIFIDQSVGLYHGKSKILQRQRGRIFLTSQRIIYIDDAKPTQNSLGLELDDLAYVNYSSGFLTRSPRLILFFKDPSSSTEFVQLSFRKSDGVLFSQATERALENILTE,0.9364453001814712,ts50
3t5gB,ESARARAIAEGFHLNNWHLRDATTGEILWQGTVDLSQPGVLHEAYLPAKILDCEAVEMSVEFSSTEEMEAFRLKCRVYFKGQLLCELTMVFGEVQPNSTNEFTFLVRSKPKEEVFPAEKLTGHVVVRTKIYDRDLLVSQSETRLYFV,KDERAREILRGFKLNWMNLRDAETGKILWQGTEDLSVPGVEHEARVPKKILKCKAVSRELNFSSTEQMEKFRLEQKVYFKGQCLEEWFFEFGFVIPNSTNTWQSLIEAAPESQMMPASVLTGNVIIETKFFDDDLLVSTSRVRLFYV,0.92791347662561,ts50
3ieyB,MELRIPWEEVYYLGYDKGDYVEISAPELLYVLEYRPQLASKLRLDLEKIVKEGVEAYRRFWAIFYTVKDLVDKGYRVRWDGFFIELFPKGVVPGSTKEAYLVYPVSGDDRLTLGELLKIVNKAIQRDTRFMLAVVNEEGHVEYYEYTEIDAP,MNLRIPWKEVYYLGYNMGNYIKISEPELLFVLRNKPQIKDRLKLDEKTIIKEGVKKYKNFWEIYYTVKDLILRGYRVRFDGFFIELYEKGIIPGTIEQDYLVYPVSGEIRMTWGELLDIYNKAIARKSKFMLAIVDSEGDVTYYEFRKLRSN,0.97776724301535,ts50
3aqgA,SLFGPGGGRHFKTREVEDRRITGLRVSVGVEVITSVQLQLGDEWDERHGAAGGDVTSVTLAPGEHIVETVVAFDGLLRGMELYTTQYRDAHFGHMEGQVHELVPAKEGEVLRGIFGESGDDGIRAVGFRYAEP,KMYGPGGGKYFSTTEDYDHEITGLRVSVGLLLVKSVQVKLGDSWDVKLGALGGNTQEVTLQPGEYITKVFVAFQAFLRGMVMYTSKDRYFYFGKLDGQISSAYPSQEGQVLVGIYGQYQLLGIKSIGFEWNYP,0.9876651519223988,ts50
2cayA,MYMRYLHNVETTTEGQPLLREGENPIHRDEDVGLYFGDDPLQEHENGQMVLTTERLIFVDTERPTEQSLGLELSDLGEVKFSPGVDTSNPLLVLFFLDPMSEKEYLCLSFKASDGKAMATATEEALLQILSS,HHMEYWHYVETTSSGQPLLREGEKDIFIDQSVGLYHGKSKILQRQRGRIFLTSQRIIYIDDAKPTQNSLGLELDDLAYVNYSSGFLTRSPRLILFFKDPSSSTEFVQLSFRKSDGVLFSQATERALENILTE,0.8475890178561486,ts50
3t5gB,QADRAKAIAAGFKLLHWDLRDAKTGQVLWEGTTDLSVPGVLHEAYLPAEILDCAAVMMLLQFSSREEMTNFRLRVDVFFEGELYMTFSFVFGHVEPNSTNDFVFLVYSLPAEDRLPAEKLTGNVVVKTKIFDEDLLVSQSETRLYFV,KDERAREILRGFKLNWMNLRDAETGKILWQGTEDLSVPGVEHEARVPKKILKCKAVSRELNFSSTEQMEKFRLEQKVYFKGQCLEEWFFEFGFVIPNSTNTWQSLIEAAPESQMMPASVLTGNVIIETKFFDDDLLVSTSRVRLFYV,0.9426845052367236,ts50
3ieyB,MKLNIPWKEVFYLGYNKGNYVEITNPELLYVLENKPELADKLKLDAERIVKEGVEEYDKFWEIYETVKDLLDKGYNVRWNGFFIELYPKGTVPGKTDEEYLVYPISGDMRLTLGSWKEVVNKALKRETKFALAVVDEEGNVTYYEFVDFDKV,MNLRIPWKEVYYLGYNMGNYIKISEPELLFVLRNKPQIKDRLKLDEKTIIKEGVKKYKNFWEIYYTVKDLILRGYRVRFDGFFIELYEKGIIPGTIEQDYLVYPVSGEIRMTWGELLDIYNKAIARKSKFMLAIVDSEGDVTYYEFRKLRSN,0.9589743733092012,ts50
3aqgA,TLFGPGGGEYFRTDIREDRTITGLRVSVGDDVIKAVKLKLGDEWDERHGAEGGDVKEFQLDEGEHVVETVVAFEKLLRGLVLQTSKDRMFHFGSMNGEKELAIPDEEGWAMLGIFGEHGDEGIRAIGFRWAAP,KMYGPGGGKYFSTTEDYDHEITGLRVSVGLLLVKSVQVKLGDSWDVKLGALGGNTQEVTLQPGEYITKVFVAFQAFLRGMVMYTSKDRYFYFGKLDGQISSAYPSQEGQVLVGIYGQYQLLGIKSIGFEWNYP,0.9796224281035276,ts50
2cayA,DYMDYLCRVKTTDEGQPQLAEGEEIVHQDDEVGLYYGDEPVTGHQDGDVWLTTERIIFVDHKHPTEFSLGLDLSSLGEVRYLPEQETAHPLLVLEFKDPTSEREYFQLSFAASDGVDFAEATEKALQRLLRT,HHMEYWHYVETTSSGQPLLREGEKDIFIDQSVGLYHGKSKILQRQRGRIFLTSQRIIYIDDAKPTQNSLGLELDDLAYVNYSSGFLTRSPRLILFFKDPSSSTEFVQLSFRKSDGVLFSQATERALENILTE,0.9294862310587242,ts50
3t5gB,EAARAKAIEAGFKLNNWDLRDAKTGEVLWEGVTDFSVPGVLHEAYLPREILDCDAVLMEVNFSSTEEMDNHRLKMNVYYDGELLMTFRYEFGFVEPNSTRTWVFLIKSLPAEERLPAEELTGNVICRTKVYDEDLLVSESETRLYFV,KDERAREILRGFKLNWMNLRDAETGKILWQGTEDLSVPGVEHEARVPKKILKCKAVSRELNFSSTEQMEKFRLEQKVYFKGQCLEEWFFEFGFVIPNSTNTWQSLIEAAPESQMMPASVLTGNVIIETKFFDDDLLVSTSRVRLFYV,0.9428072089906324,ts50
3ieyB,MRLEIPWAEVWYLGYNEGNYVSISAPELLFVLEYRPEIKKKLRLDLEEIKATGVQRYSRFWEIYNTVKDLVDKGHSVRWDGFFIELYPKGSVPGSKNEEFLVYPVSGKDRMTLGEVLSIINDAVKKNSKFMLALVNKEGNVVYLEYDRVDAP,MNLRIPWKEVYYLGYNMGNYIKISEPELLFVLRNKPQIKDRLKLDEKTIIKEGVKKYKNFWEIYYTVKDLILRGYRVRFDGFFIELYEKGIIPGTIEQDYLVYPVSGEIRMTWGELLDIYNKAIARKSKFMLAIVDSEGDVTYYEFRKLRSN,0.9854092978801048,ts50
3aqgA,ALFGPGGGQRFKTEMTKDEQISGLRVAVGDEVITSVRLQLGDEWDTKYGAEGGDETEVELRPGEYIVRAIVAFDTLLKGMRLTTSECREFRFGDMEGHEELLKPEEEGQVLRGIFGEHGEKGIRAIGFRWAAP,KMYGPGGGKYFSTTEDYDHEITGLRVSVGLLLVKSVQVKLGDSWDVKLGALGGNTQEVTLQPGEYITKVFVAFQAFLRGMVMYTSKDRYFYFGKLDGQISSAYPSQEGQVLVGIYGQYQLLGIKSIGFEWNYP,0.9762102946663912,ts50
3q4oA,TITDREMEGLMKMREMEKLERDVYVHLWNLHKLPLFETVAEEDFEEERAVRELLDKYKIPNPIVDESRGKFWYPYFAKLYNELTKLGAESVEEALRTGAQLEDQQIFQLKHWINRTKNPEILDVFNSLRQSARNHLRKYVEKLKKEGEDYTPQYISEEYFERIINTEQT,PISEEEKEGLIEMREEEKLARDVYLTLYNKWKLQIFKNIAESEQTHMDAVKYLLEKYNIPDPVKNDSIGVFSNPKFEELYKKLVEKGDKSEVDALKVGATIEDLDIADLEKWINKTDNEDIKFVYENLMKGSRNHMRAFVRMLNNYGSNYTPQYISKEEYEEIISSSTE,0.9895527676950524,ts50
2qdlA,VNLSAREPTPLHLVVFRLATRLFGLHEEDVVEVLPYEDIERVPGTPAYVAGVVDVEGRLVPVLDLRKLFGLPQTGLSEASRIIMVEVRGHSVGLIVDEVIELVEVNRSAIEPPPPRTLVDTEYVEGVAHADDEEVYILALEDLFRVDPEYVLMP,KHHHHHHPMPKKIVVFSLAEELYGLDIFDVHEVVKDVSITKIPETPEFIEGIINLRGKIIPVIDLKKRFGIGKRGKSKDSRIIIVEILGQKAGLIVDAVHEVIPIDENSIEPPPPVTTIDTAFVEGIAKTDDKMIIIIKLHFLFEVNGKEMLLN,0.9292267514011816,ts50
3ejfA,MPKELVYETCVGDLEDVVDKAKKEFEEFVIVCDADDFATHGSGIAKDVADFCGEDYVQYCRDFVRRHGPRNNLVTPSFVDGIEAVNNVVGPHAGDEDLYEKLVMAYENVLVEGEVNYVVPVLSLGVEGVDYQMSIDAMVEALKGKKVRVLLFSKEEKHIDYFERNL,KPKFLEYKTCVGDLTVVIAKALDEFKEFCIVNAANEHMTHGSGVAKAIADFCGLDFVEYCEDYVKKHGPQQRLVTPSFVKGIQCVNNVVGPRHGDNNLHEKLVAAYKNVLVDGVVNYVVPVLSLGIFGVDFKMSIDAMREAFEGCTIRVLLFSLSQEHIDYFDVTC,0.94527128054103,ts50
3gfsA,MLVICGSPQRTGMTRIAAQYIADKYQTELIDLSEFVLPYFNGRADQQELDKVKELRARVKQADAIVLLTPEYADGVSGALKNALSFLSADEFRNKPVALLAVAGGGEGGQNALNDARTRMKGVAANVIPRELILKPSDIDKENRTVAANIQARIDTLVQELETHAHA,MLVINGTPRKHGRTRIAASYIAALYHTDLIDLSEFVLPVFNGEAEQSELLKVQELKQRVTKADAIVLLSPEYHSGMSGALKNALDFLSSEQFKYKPVALLAVAGGGDGGINALNNMRTVMRGVYANVIPKQLVLKPVHIDVENATVAENIKESIKELVEELSMFAKA,0.988365050365737,ts50
3q4oA,SITMEEKQGLLKMRELEKLSRDVYEHLYHVYRLPLFKMEANDEEYEVESVKKLLNKYEIDDPIQDEAIGHFYYQYFAELYKKLVKKGAKSETAALKTGAEIEDFHIANLDKWIQMTDNPEILEVYESVRTGDENQLRRFVSKLRELGERYTPEYIGEEYFNKIFNTSYL,PISEEEKEGLIEMREEEKLARDVYLTLYNKWKLQIFKNIAESEQTHMDAVKYLLEKYNIPDPVKNDSIGVFSNPKFEELYKKLVEKGDKSEVDALKVGATIEDLDIADLEKWINKTDNEDIKFVYENLMKGSRNHMRAFVRMLNNYGSNYTPQYISKEEYEEIISSSTE,0.9821073468356863,ts50
2qdlA,YRYSDSRPRPLRLVVFRLADKLFGLKVDDVLSVLPYQQISARPGTPEYVAGVVLIEGELVPVVDLRRLFGLAQEGWSEKSRIIIVEVKGKLVGLLVDEVVEEVSVDSEEIEPPPPSTLIDTSYVEGVARFRDDTVYVLKLEDLLRDEPRYVMMD,KHHHHHHPMPKKIVVFSLAEELYGLDIFDVHEVVKDVSITKIPETPEFIEGIINLRGKIIPVIDLKKRFGIGKRGKSKDSRIIIVEILGQKAGLIVDAVHEVIPIDENSIEPPPPVTTIDTAFVEGIAKTDDKMIIIIKLHFLFEVNGKEMLLN,0.8917073582116748,ts50
3ejfA,MPEELVYYTCVGDLEEVVKKAKMEFKEFTVVCAANEWATNGRGVAAEVARFCGEDYYQYCKRYVLKHGPKMRLTTPSFVEGVTCVNMVVGPKGGDEDLFKKLVKAYEDVFVEGEVNYVVPVLSLGIKGVDFKLSIDAMMEALLGKKIRVLLFTLEAEHIEYFDRNL,KPKFLEYKTCVGDLTVVIAKALDEFKEFCIVNAANEHMTHGSGVAKAIADFCGLDFVEYCEDYVKKHGPQQRLVTPSFVKGIQCVNNVVGPRHGDNNLHEKLVAAYKNVLVDGVVNYVVPVLSLGIFGVDFKMSIDAMREAFEGCTIRVLLFSLSQEHIDYFDVTC,0.9483565815250636,ts50
3gfsA,MLVICGSPRMHGRARIAAQYIAEKYQTELLDLSTFVLPFFNGRADQQRLARVQELRQRVAKADRIVLLTPEYARGISGALANALSYLSADQFKDKPVALLAVSGGGRGGQNALNDARTKMKGVKAQVIPYELILFPEDIDRANARVQENIKNDLETLVEELQLMAKA,MLVINGTPRKHGRTRIAASYIAALYHTDLIDLSEFVLPVFNGEAEQSELLKVQELKQRVTKADAIVLLSPEYHSGMSGALKNALDFLSSEQFKYKPVALLAVAGGGDGGINALNNMRTVMRGVYANVIPKQLVLKPVHIDVENATVAENIKESIKELVEELSMFAKA,0.987155132764136,ts50
3q4oA,PLTKDEARGLRHMREEEKLLRDVYMTLWDIFRLELFSQVANHELDETAEINRLLNKYEIPDPVQDEAEGKFYFPYFADLYDKLTAQGAKSVVEALKVGATIEDLHIYQLERWINMTDNPTILKVFKSLKNGEENHLRLFVEKLQEYGEDYTPVYISEEYFNKIFNSDLL,PISEEEKEGLIEMREEEKLARDVYLTLYNKWKLQIFKNIAESEQTHMDAVKYLLEKYNIPDPVKNDSIGVFSNPKFEELYKKLVEKGDKSEVDALKVGATIEDLDIADLEKWINKTDNEDIKFVYENLMKGSRNHMRAFVRMLNNYGSNYTPQYISKEEYEEIISSSTE,0.9785102423100484,ts50
2qdlA,MDFSLVAPKPLVLVVFTLADRLFGLRLEDVLEIRPYENIRAVPGTPEYVAGVVDLDGELVPVLDLRKLFGLGDRGESGDSRIVLVVVKGRFVGLLVDEVVEYVAVDEDEIEPPPPRCLVDNAYVEGVARIGEETVYVLDLEDLFRHDPEYVMLE,KHHHHHHPMPKKIVVFSLAEELYGLDIFDVHEVVKDVSITKIPETPEFIEGIINLRGKIIPVIDLKKRFGIGKRGKSKDSRIIIVEILGQKAGLIVDAVHEVIPIDENSIEPPPPVTTIDTAFVEGIAKTDDKMIIIIKLHFLFEVNGKEMLLN,0.9053780708523964,ts50
3ejfA,MPSRLVYLTHVGDLEDVIAKAKKDFKEFVIVCDANSTARHGSGVAAEVARYCGEDYVNYCKDYVRRHGPRNRLVTPSYVEGITCVNNVVGPSQGDEDLFEKLVEAYENCFVEGEVNFVVPVLSLGIEGVDYKMSIDAMKVAMQGKKVRVLLFSNEEDVIDYFEKTL,KPKFLEYKTCVGDLTVVIAKALDEFKEFCIVNAANEHMTHGSGVAKAIADFCGLDFVEYCEDYVKKHGPQQRLVTPSFVKGIQCVNNVVGPRHGDNNLHEKLVAAYKNVLVDGVVNYVVPVLSLGIFGVDFKMSIDAMREAFEGCTIRVLLFSLSQEHIDYFDVTC,0.9739743218069604,ts50
3gfsA,MLVICGSPASQGRSRIAAKFVAQKYNTDLIDLSSFKLPIYNGRAEQQELDRVQELKERVAKADAIVLLTPEYAAGISGALANALSYLSAKQFKSKPVALLAVAGGGTGGQNALNDARTLMKGVEADVIPYQLVLLPEDIDVANKRLQENVLDEIKVLVEELEAHAQN,MLVINGTPRKHGRTRIAASYIAALYHTDLIDLSEFVLPVFNGEAEQSELLKVQELKQRVTKADAIVLLSPEYHSGMSGALKNALDFLSSEQFKYKPVALLAVAGGGDGGINALNNMRTVMRGVYANVIPKQLVLKPVHIDVENATVAENIKESIKELVEELSMFAKA,0.9861474356350692,ts50
3q4oA,ELTDEEVRGLMYMRELEKLHRDVYLHLYNQFRLELFKIVAEEAEAAENAVEELLDKYNIEDPIEDDSIGIFRYKYFADLYNRLCKKGAKSVVDALKTGATIEDYHIYMLDYWINKTNNPEILKVFKNLKADAENQLRMFVSKLREYGEEFTPKFITKEFFNKIISTNYN,PISEEEKEGLIEMREEEKLARDVYLTLYNKWKLQIFKNIAESEQTHMDAVKYLLEKYNIPDPVKNDSIGVFSNPKFEELYKKLVEKGDKSEVDALKVGATIEDLDIADLEKWINKTDNEDIKFVYENLMKGSRNHMRAFVRMLNNYGSNYTPQYISKEEYEEIISSSTE,0.9824897018864284,ts50
2qdlA,MRMSWDEPEPLVLVVFRLADRYFGLEVEDVLEVRPYENITTLPGTPAYVAGVVDLRGRFVPVLDLRKLFGLPKTGYSGASRIIIVEVKGRMVGLLVNEVVEEVEVDEDSIEPPPPETAIDTKFVEGVAFLGDEEVYVLSLENLFRVEPEFVAGE,KHHHHHHPMPKKIVVFSLAEELYGLDIFDVHEVVKDVSITKIPETPEFIEGIINLRGKIIPVIDLKKRFGIGKRGKSKDSRIIIVEILGQKAGLIVDAVHEVIPIDENSIEPPPPVTTIDTAFVEGIAKTDDKMIIIIKLHFLFEVNGKEMLLN,0.9037449562539732,ts50
3ejfA,APEKLEFYTHVGDLEETVAKAKEEFKEFVIVCDANEWMSHGSGIAKDIAKYCGEDFVTYCRAHVKRHGPCMRLVSPSFVEGISAVNQVVGPRQGDENLFEKLVDAYKNCFVEGEVNYVVPVLSLGIEGVDFKMSIDAMKEALKGKKVRVLLFSKQPRHIEYFKRNR,KPKFLEYKTCVGDLTVVIAKALDEFKEFCIVNAANEHMTHGSGVAKAIADFCGLDFVEYCEDYVKKHGPQQRLVTPSFVKGIQCVNNVVGPRHGDNNLHEKLVAAYKNVLVDGVVNYVVPVLSLGIFGVDFKMSIDAMREAFEGCTIRVLLFSLSQEHIDYFDVTC,0.9429176280898248,ts50
3gfsA,MLVICGSPSAYGRARIAAQYVAEKFDCELIDLSEFTLPLFNGKAEQLQLEKVQELRERVKAADAIVLLTPEYALGISGALKNALSFLSADQFQNKPVALVAVTGGGRGGQNALNDARTLMKGVQANVIPYQLILTPADIDKENDRVQDNIKARIRTLVEELRAHAAA,MLVINGTPRKHGRTRIAASYIAALYHTDLIDLSEFVLPVFNGEAEQSELLKVQELKQRVTKADAIVLLSPEYHSGMSGALKNALDFLSSEQFKYKPVALLAVAGGGDGGINALNNMRTVMRGVYANVIPKQLVLKPVHIDVENATVAENIKESIKELVEELSMFAKA,0.9904657873195986,ts50
1ahsA,MQPFDGATSHRESGVFDVPEGLTRGGYVNDTTAEVCMKAGAFARVNALLTAREGDSTTLYFKWHALDSFEDSDGERIHSAPGTYVTVDGKRVEEGEVVEWDMVSPLTVSNPGDRNSILSFTVTRWD,TGPYAGAVEVQQSGRYYVPQGRTRGGYINSNIAEVCMDAGAAGQVNALLAPRRGDAVMIYFVWRPLRIFCDPQGASLESAPGTFVTVDGVNVAAGDVVAWNTIAPVNVGNPGARRSILQFEVLWYT,0.4022561450150553,ts50
2fvvA,EKLTYSEDGRLLRAAALAFRDEAKEYVLLVSSWTDPELWVVPGGGCEEGESPDEAAVREVREEAGVSGVLGELVGVFRDRKDRLRTWVYELIVTSELDNWFDKVAFGRRRKWFEVEDAVKVLAKHYPVQAAFLEG,QTRTYDGDGYKKRAACLCFRSESEEEVLLVSSSRHPDRWIVPGGGMEPEEEPSVAAVREVCEEAGVKGTLGRLVGIFENQERKHRTYVYVLIVTEVLEDWEDSVNIGRKREWFKIEDAIKVLQYHKPVQASYFET,0.9508077297799392,ts50
2a2lA,MLNQKAIKTKSITLAEAEAVRDAVQAKAKEIGVAVTFAVVDANGKLIILYKMSEAEDASMDVALNKAQTALTLAQSTADVKDAVKPGEFLEGFEFLGSCSVVVTGGGVPLVKDDHVIGGVGVAGGTFEQNEELAECAVECLNKLN,SLMNKSQQVQTITLAAAQQMAAAVEKKATEINVAVVFSVVDRGGNTLLIQRMDEAFVSSCDISLNKAWSACSLKQGTHEITSAVQPGQSLYGLQLTNQQRIIIFGGGLPVIFNEQVIGAVGVSGGTVEQDQLLAQCALDCFSALE,0.9232771942117226,ts50
3nzmA,PYCPGCLFYGTNVLTVEYGPLPIGYIVNTELETSVYSVNPSGNLFTERIAEYYDCGTQEINEFTLEDGTTIQATKETKFLTTDFKELAIEDVLEKNLKLLELTNLAQTAEALDEEKLPFPVREAGEIDKVTVVGRQSLGIQEVYAIGLPTDQNFLLANGHFYL,PFCPGCLSFGTEILTVEYGPLPIGKIVSEEINCSVYSVDPEGRVYTQAIAQWHDRGEQEVLEYELEDGSVIRATSDHRFLTTDYQLLAIEEIFARQLDLLTLENIKQTEEALDNHRLPFPLLDAGTIKMVKVIGRRSLGVQRIFDIGLPQDHNFLLANGAIAA,0.8919183151629211,ts50
1ahsA,NAPYRGATDKRESGVFTVPYGETLGYYVDETTAEVCLKAGAEADVTALLKEDSGDITTLYFKWHALETFRDSDGTRMSSAPGTSVTVDGVRVTEGDVVAWDLDSPVEVGNPGETRSILVFHVVDWR,TGPYAGAVEVQQSGRYYVPQGRTRGGYINSNIAEVCMDAGAAGQVNALLAPRRGDAVMIYFVWRPLRIFCDPQGASLESAPGTFVTVDGVNVAAGDVVAWNTIAPVNVGNPGARRSILQFEVLWYT,0.1787537292057511,ts50
2fvvA,MEKTFTDDGYLLEAAALAYASEAKREVLLVSSRSDPQLWIVPGGGIEYAEDPEDAAMREVKEEAGVKGELGALVGVYRNAQKRYRTWVYELTITVVQEEYEDKVAFGRKRKWFPVEEAVVVLMEHAPVQAAFFSG,QTRTYDGDGYKKRAACLCFRSESEEEVLLVSSSRHPDRWIVPGGGMEPEEEPSVAAVREVCEEAGVKGTLGRLVGIFENQERKHRTYVYVLIVTEVLEDWEDSVNIGRKREWFKIEDAIKVLQYHKPVQASYFET,0.983302035657986,ts50
2a2lA,ALELMNVFVKSVTMAEAKKMMKAVEAKAEELGVAVTFAVVDSNGELLLLNREDDASPECEEMALNKAMTAQTMKQSTSEITDAVKPGKYLEGLQLLSRKSIVTTGGGLPLIVDNEVIGGVGVAGGSEAQDLDLAQAAVDCLKALD,SLMNKSQQVQTITLAAAQQMAAAVEKKATEINVAVVFSVVDRGGNTLLIQRMDEAFVSSCDISLNKAWSACSLKQGTHEITSAVQPGQSLYGLQLTNQQRIIIFGGGLPVIFNEQVIGAVGVSGGTVEQDQLLAQCALDCFSALE,0.947268854884786,ts50
3nzmA,PYCPGCMAYGTEILTVEYGPLPIGYIVETELRTSVYSVNPSGNIFTEEIADYYDCGEQEISEFTLEDGTTAECTRDHRFLTDDFQELAIQDIMNQNLNLLTLTNLEQTAEALSLARLPYPLLEAGEIDRVTVTGRQSLGIRKVYAIGLPTHQNFLLANGHFAC,PFCPGCLSFGTEILTVEYGPLPIGKIVSEEINCSVYSVDPEGRVYTQAIAQWHDRGEQEVLEYELEDGSVIRATSDHRFLTTDYQLLAIEEIFARQLDLLTLENIKQTEEALDNHRLPFPLLDAGTIKMVKVIGRRSLGVQRIFDIGLPQDHNFLLANGAIAA,0.8805494787031467,ts50
1ahsA,TAPYTGAVYRRESGVFEVPDGITDGYYVNEATAEVCMKDGAAADVNALLDADAGDKTTMWFRWRALEEFKDADGCRMQSAPGTFVTVDGETVAEGEVVEWDLTAPVTVSNPGDTKSILRFTVDDYH,TGPYAGAVEVQQSGRYYVPQGRTRGGYINSNIAEVCMDAGAAGQVNALLAPRRGDAVMIYFVWRPLRIFCDPQGASLESAPGTFVTVDGVNVAAGDVVAWNTIAPVNVGNPGARRSILQFEVLWYT,0.3445389163611873,ts50
2fvvA,MILTFDDDGYRLMAAALCFRSESKEHVLLVSSFEHPHLWIVPGGGCERDEAPAQAAAREVREEAGVKGVLGELVGVFRDEDHRYRTWVYELTVTEVLDNYFDKQAFGRRREWFPVEDAVRVLAEHFPVQAAWFAA,QTRTYDGDGYKKRAACLCFRSESEEEVLLVSSSRHPDRWIVPGGGMEPEEEPSVAAVREVCEEAGVKGTLGRLVGIFENQERKHRTYVYVLIVTEVLEDWEDSVNIGRKREWFKIEDAIKVLQYHKPVQASYFET,0.9579567102184662,ts50
2a2lA,MKELKTVTTKSVTMAQAKKMRQAVKAKAQSINVSVTFAVVDNEGNLILLHKMEDADPASEEVAYNKAMTALTLKMSTADLKDAVQPGAYLEGLEELGNQSLVTTGGGVPLVIDNQVVGGIGVAGGTEEMNLELAKCAVAKLKALE,SLMNKSQQVQTITLAAAQQMAAAVEKKATEINVAVVFSVVDRGGNTLLIQRMDEAFVSSCDISLNKAWSACSLKQGTHEITSAVQPGQSLYGLQLTNQQRIIIFGGGLPVIFNEQVIGAVGVSGGTVEQDQLLAQCALDCFSALE,0.9227758250122552,ts50
3nzmA,PYCPGCLAYGTEILTVEFGPLPIGFIVDTKLQCKVYSVDPAGNIFTEEIANYYKCGTQEISEFTLEDGTTIRATTEHKFLTTDFQELAINDIFNQDLKLLTLTNLKQTAEALNEEKLPKPIEEAGKINNVKVVGRESMGEQEVYAIGLPTNQNFLLANGAFSA,PFCPGCLSFGTEILTVEYGPLPIGKIVSEEINCSVYSVDPEGRVYTQAIAQWHDRGEQEVLEYELEDGSVIRATSDHRFLTTDYQLLAIEEIFARQLDLLTLENIKQTEEALDNHRLPFPLLDAGTIKMVKVIGRRSLGVQRIFDIGLPQDHNFLLANGAIAA,0.9049437381530694,ts50
1ahsA,QAPYDGAMSHRTSGVFRVPDGETDGGYVDEKTAEVCMKAGAAANVNDLLAPDAGELKTLYFTWRALSTFEASDGQRQESSPGTYVTVDKKTVEEGETVSWDTRSPVVVSNPGDKKSILVFTVLNWA,TGPYAGAVEVQQSGRYYVPQGRTRGGYINSNIAEVCMDAGAAGQVNALLAPRRGDAVMIYFVWRPLRIFCDPQGASLESAPGTFVTVDGVNVAAGDVVAWNTIAPVNVGNPGARRSILQFEVLWYT,0.2707384163571598,ts50
2fvvA,ETETFGTDGYFLRAAALAFRSEEREVVLLVSSWKAPQRWQVPGGFVEPDEAPEVAAVREVREEAGVRGALGALVGVYRDKAHRWRTWVYHLVVTNVRDNYEDRVQFGRRREWFPVEDAIRVLAHHYPVQAAYFDS,QTRTYDGDGYKKRAACLCFRSESEEEVLLVSSSRHPDRWIVPGGGMEPEEEPSVAAVREVCEEAGVKGTLGRLVGIFENQERKHRTYVYVLIVTEVLEDWEDSVNIGRKREWFKIEDAIKVLQYHKPVQASYFET,0.9924847305272784,ts50
2a2lA,AINAMAEYTESVTMAEANKMREAVEAKADEIGVAVTFAVVNHDGNLLLLHKDDDAQPESEELALNKAMTAQTLETSTADITEAVKPGAMYQGLEQLGDELFVVTGGGLPLVVNEEVVGGVGVAGGTEEENLELAQCAVEELKALS,SLMNKSQQVQTITLAAAQQMAAAVEKKATEINVAVVFSVVDRGGNTLLIQRMDEAFVSSCDISLNKAWSACSLKQGTHEITSAVQPGQSLYGLQLTNQQRIIIFGGGLPVIFNEQVIGAVGVSGGTVEQDQLLAQCALDCFSALE,0.9576905227575044,ts50
3nzmA,PYCPGCLYYGTEILTVEYGPLPIGYIVATELRCKVYSVDPSGNVYTEKIAEYYKCGTQEINEFTLENGTTIQCTAEYKFLTDDFKELAILDIFEKNLKLLTLTNLKQTKDAFDQDKLPFPLEEAGTINKVNVVGQESMGIRDVYAIGLPTDQNFLLANGHFCC,PFCPGCLSFGTEILTVEYGPLPIGKIVSEEINCSVYSVDPEGRVYTQAIAQWHDRGEQEVLEYELEDGSVIRATSDHRFLTTDYQLLAIEEIFARQLDLLTLENIKQTEEALDNHRLPFPLLDAGTIKMVKVIGRRSLGVQRIFDIGLPQDHNFLLANGAIAA,0.9429125615873832,ts50
3e8mA,MRKIKLILTDVDGVLTNGGFYFGKDGDLERRFNGEDAYGIFWAHAKGIPVGILTGSDTDVVRMSAQFRKIDYLYQGVEDKLKAARALCDELGIDLSEVAFIGDEYNDRDLLKRVGIAGVPSSSPEEVRRLATIELERKGGEGVFREFVMKVLGVNLRDFQAILY,MKEIKLILTDIDGVWTDGGMFYDQTGNEWKKFNTSDSAGIFWAHNKGIPVGILTGEKTEIVRRRAEKLKVDYLFQGVVDKLSAAEELCNELGINLEQVAYIGDDLNDAKLLKRVGIAGVPASAPFYIRRLSTIFLEKRGGEGVFREFVEKVLGINLEDFIAVIQ,0.9554307115705748,ts50
3k7pA,NKKKVAIGTCAPSYAIQDNLVEYVKEAGSEFVPVYMGPLDASAVSFPVFATTVAEKVANKDVEYGVLCSGTGIGSAIAANKIPGVRCALCYNYYEAAMSRVLNDANIICVGYMTTGIDEIRLIIVTFLNTPFSGEKANVRKIEEIKKVEAAFA,MTRRVAIGTDHPAFAIHENLILYVKEAGDEFVPVYCGPKTAESVDYPDFASRVAEMVARKEVEFGVLAAGSGIGMSIAANKVPGVRAALCHDHYTAAMSRIHNDANIVCVGERTTGVEVIREIIITFLQTPFSGEERHVRRIEKIRAIEASHA,0.9873184885844796,ts50
3ny7A,GMHMTRLEPVQVEVPEDVLVLKVVGPLFRADARKLFRDLLRLLEGKRLVVLDLHDVPVLDEGGLRAFLAFVQALPEGTELRVCNLQEEPLRAMMRAGVEPEPGRLRFHPDLEAALADL,GSHMTRLAPVVVDVPDDVLVLRVIGPLFFAAAEGLFTDLESRLEGKRIVILKWDAVPVLDAGGLDAFQRFVKRLPEGCELRVCNVEFQPLRTMARAGIQPIPGRLAFFPNRRAAMADL,0.9736394790819444,ts50
2gu3A,MKDGFEEAAKRAKRETRLHTVEEVERWQGEEDWWVVEGNDSTGRELYVFVPRDPNAKIMWVYAEETISEEEAKRIVEDAGLVLEYLNVFLAAEGDTLLWQVRYLNQQGARAVAFVDFETGELLKYVAP,KEEGHEAAAAEAKKETDLAHVDQVETFVGKEKYYVVKGTDKKGTALYVWVPADKKAKILSKEAKEGISEDKAAKIIKDEGLVSKQKEVHLAREGNVLLWEVTYLDKEGQYSLSYVDFTTGKILKNITP,0.9751992801851732,ts50
3e8mA,MKKVKLILTDVDGVLTGGNVIKDRDGNLWKHFNGLDALGIFWAHAKGIPVALLTGHDTKNIREKAAQWDVDYLFQGVENKLKAARELCKELGISLSEVAYIGDDFNDRDLLRRVGIAGVPASAPEYVRKLATIDLAKKGGEGVFKEFVQKVLGVNLADLKALFQ,MKEIKLILTDIDGVWTDGGMFYDQTGNEWKKFNTSDSAGIFWAHNKGIPVGILTGEKTEIVRRRAEKLKVDYLFQGVVDKLSAAEELCNELGINLEQVAYIGDDLNDAKLLKRVGIAGVPASAPFYIRRLSTIFLEKRGGEGVFREFVEKVLGINLEDFIAVIQ,0.9478934220162356,ts50
3k7pA,TKRRVAIGTSSPSYAIQNDLVSYVEEAGSEFEPVYLGPRDSEAVSFPDFAKKVAKKVARKEVEYGVLCSGTGVGSAIAANEVPGVRCSLCRCEFEAKQARVRDDANIVCVGYMWTGYEEIREIIVTFLRTPFSGEEWHVKKINEQDEVEAAYA,MTRRVAIGTDHPAFAIHENLILYVKEAGDEFVPVYCGPKTAESVDYPDFASRVAEMVARKEVEFGVLAAGSGIGMSIAANKVPGVRAALCHDHYTAAMSRIHNDANIVCVGERTTGVEVIREIIITFLQTPFSGEERHVRRIEKIRAIEASHA,0.987180478472375,ts50
3ny7A,GMHMTRLEPVDLDVPDDVLVLRVVGPLFEEDARELFQELKELLEGKRVVVLDLEDVPVLDEGGLEAFRRFVRALPKGTELRVCNLQEQPLAAMLEAGITPQPGRLAFHPDLAEALADL,GSHMTRLAPVVVDVPDDVLVLRVIGPLFFAAAEGLFTDLESRLEGKRIVILKWDAVPVLDAGGLDAFQRFVKRLPEGCELRVCNVEFQPLRTMARAGIQPIPGRLAFFPNRRAAMADL,0.9823164250452072,ts50
2gu3A,MIEGFEEAAARALKKTDLARVTDVHRWTGQEGWYVVWGTDSTGEDIWVWVPVDPEARIMWMYESETISAERAERVVVEAGLVREFLDVHLAAEGDRRLWEVTFLNNMGETSYALVDYFSGEILEFVTP,KEEGHEAAAAEAKKETDLAHVDQVETFVGKEKYYVVKGTDKKGTALYVWVPADKKAKILSKEAKEGISEDKAAKIIKDEGLVSKQKEVHLAREGNVLLWEVTYLDKEGQYSLSYVDFTTGKILKNITP,0.98692273910096,ts50
3e8mA,MRKIKLILTDVDGVLTGGGRFMDEDGTMWFDFNGDDELGIFWAHAKGIPVAILTGKNTDCIRKMAEEWNVDYLFQGVEDKLKAAQELCARLGIDLSEVAYIGDDTNDAELLKRVGIAGVPASAPEEIRKLATINLEKYGGEGVFREFVMKVLGVNEKDLKAVIR,MKEIKLILTDIDGVWTDGGMFYDQTGNEWKKFNTSDSAGIFWAHNKGIPVGILTGEKTEIVRRRAEKLKVDYLFQGVVDKLSAAEELCNELGINLEQVAYIGDDLNDAKLLKRVGIAGVPASAPFYIRRLSTIFLEKRGGEGVFREFVEKVLGINLEDFIAVIQ,0.960242533706314,ts50
3k7pA,HKTRVAIGTSAPSHAIQDDLIEYVKEAGSEYVPVYMGPKSSEEVDIPEYAHKVARNVARKEVEFGVLASGTGKGSAIAANRVPGVRCALCYCEKEAALARVLDDANIVCVGYTETGIEVIREILKTFLQTPFSGYQTNVREIKKVAEREAANK,MTRRVAIGTDHPAFAIHENLILYVKEAGDEFVPVYCGPKTAESVDYPDFASRVAEMVARKEVEFGVLAAGSGIGMSIAANKVPGVRAALCHDHYTAAMSRIHNDANIVCVGERTTGVEVIREIIITFLQTPFSGEERHVRRIEKIRAIEASHA,0.979787801595954,ts50
3ny7A,GMHMTRLEPVAVEVPADVLVLRVVGPLFEDDAQELFDELATLLEGKRVVVLDLRAVPVLDEGGLKAFLEFVAALPEGTELRVCNLQEEPMRAMDKAGVTPIPGRLAFHPDLAAALADL,GSHMTRLAPVVVDVPDDVLVLRVIGPLFFAAAEGLFTDLESRLEGKRIVILKWDAVPVLDAGGLDAFQRFVKRLPEGCELRVCNVEFQPLRTMARAGIQPIPGRLAFFPNRRAAMADL,0.9864294101564114,ts50
2gu3A,MQAGFEEAAARAKEETELANVVAVQRFHGEEGWYVVYGTDAEGREMWVYVPRDDARRIMWVYAEKCISRAEAGQIVQEAGLVTVFRRVHRAAEGDTLLWEVTFNNNQGQASVAYVDCYTGEILRVVTP,KEEGHEAAAAEAKKETDLAHVDQVETFVGKEKYYVVKGTDKKGTALYVWVPADKKAKILSKEAKEGISEDKAAKIIKDEGLVSKQKEVHLAREGNVLLWEVTYLDKEGQYSLSYVDFTTGKILKNITP,0.9653061278862493,ts50
3e8mA,MKKIKLILSDVDGVLTGGGVIFDTDGSMYREFSGADLLGVFWAKWKGIPVAILTGVDTDVVRMEAKKENVDYLFQGVEDKLKAAEELCAKLGVELSEVAFIGDSENDRELLKKVGIAGVPSSAPERVRKLATINLEKKGGEGVFREFVEKVLGVNEEDLYEVIK,MKEIKLILTDIDGVWTDGGMFYDQTGNEWKKFNTSDSAGIFWAHNKGIPVGILTGEKTEIVRRRAEKLKVDYLFQGVVDKLSAAEELCNELGINLEQVAYIGDDLNDAKLLKRVGIAGVPASAPFYIRRLSTIFLEKRGGEGVFREFVEKVLGINLEDFIAVIQ,0.9564268567113544,ts50
3k7pA,SKKKVAIGTDTPSYAIQDDLVSYVKEAGEEFVPVYLGPEDSDAVSYPDYAKKVAEKVASQDVEFGVLCSGTGIGSSIAANQVPGVRCALCSCKHEAAMARVLNDANIVCVGYMETGYEEIREIIITFLQTPFSGEEEHVRAIEEVKEKEAAHL,MTRRVAIGTDHPAFAIHENLILYVKEAGDEFVPVYCGPKTAESVDYPDFASRVAEMVARKEVEFGVLAAGSGIGMSIAANKVPGVRAALCHDHYTAAMSRIHNDANIVCVGERTTGVEVIREIIITFLQTPFSGEERHVRRIEKIRAIEASHA,0.9872328990523528,ts50
3ny7A,GLAMTRLEPVDVDVPEDVLVLRVVGPLYAEEAQRLFRDLARRLKGKRVVVLDLREVPVLDEGGLEAFKAFVSALPEGTELRLCNLQLEPARAMKYAGVEPIPGRLAFHPDLDAALADV,GSHMTRLAPVVVDVPDDVLVLRVIGPLFFAAAEGLFTDLESRLEGKRIVILKWDAVPVLDAGGLDAFQRFVKRLPEGCELRVCNVEFQPLRTMARAGIQPIPGRLAFFPNRRAAMADL,0.9731815001303754,ts50
2gu3A,MKAGFEEAAEKALEETKLATVEEVYLFKGEEEWYVVEGTDEEGQELYVLVPKDEKADIMHVYASECITKKEAKAIIVDAGLVSKYLDVTLAARGDKLLWKVRFRNQHGEHSMAFVDCRTGQILEYLRP,KEEGHEAAAAEAKKETDLAHVDQVETFVGKEKYYVVKGTDKKGTALYVWVPADKKAKILSKEAKEGISEDKAAKIIKDEGLVSKQKEVHLAREGNVLLWEVTYLDKEGQYSLSYVDFTTGKILKNITP,0.9838509680604214,ts50
1pdoA,SIAIVIGTHGAAARSLLSLAETILGPLSNVGYVNCVPGENAEDLINKYRAQLATLDTSQGVLFLVDEVGGDPFQAAERLVKDRENFAVVAGINLPMLVSTLRLNERNPTFDELVALARKKGQEGVELLQ,TIAIVIGTHGWAAEQLLKTAEMLLGEQENVGWIDFVPGENAETLIEKYNAQLAKLDTTKGVLFLVDTWGGSPFNAASRIVVDKEHYEVIAGVNIPMLVETLMARDDDPSFDELVALAVETGREGVKALK,0.9848094586826798,ts50
1h4aX,GKITLYEDEGFRGSSYTLTSDCPDLRPYLEQCESAKVESGCWMLYEQPNFAGESYYLTRGEYPHYQQWQGQSDKVRSAKLVPSSGEWLIDLFEKEEYQGKMLTFTEDCSDLTVQFPGNEVHSLNVVEGSWVCYEQAHFLGKQYLLQPGSYPHYEDVGATDALVGSLKRVKDET,GKITLYEDRGFQGRHYECSSDHPNLQPYLSRCNSARVDSGCWMLYEQPNYSGLQYFLHRGDYADHQQWMGLSDSVRSCRLIPHSGSHRIRLYEREDYRGQMIEFTEDCSCLQDRFRFNEIHSLNVLEGSWVLYELSNYRGRQYLLMPGDYRRYQDWGATNARVGSLRRVIDFS,0.1930964694639975,ts50
1dx5I,VTPYDPCLKANCQHNCKPVNETSYRCVCNEGFSPIPNQPTECQQVCHESSCPADCDPRETYDCYCPEGYKLDEGDTCRTIDYCSEGGHCDGTCVQLPGSFTCYCGPERFHTGLLGTNC,VEPVDPCFRANCEYQCQPLDQTSYLCVCAEGFAPIPHEPHRCQMFCNQTACPADCDPNTQASCECPEGYILDDGFICTDIDECENGGFCSGVCHNLPGTFECICGPDSALAGQIGTDC,0.3836971953763693,ts50
1i8nA,LVFTRGDGNCWTYAPGWKLPADKLALTRFTSMVEAKQHCANDETRPQCHVLQVNMVTHECYFNTEETFNYSTLKTDEPNVEQWVLERCD,ETITAGNEDCWSKRPGWKLPDNLLTKTEFTSVDECRKMCEESAVEPSCYILQINTETNECYRNNEGDVTWSSLQYDQPNVVQWHLHACS,0.7584208449966461,ts50
1pdoA,SIAIVIGTHGSEAALLLKAAETILGPQENVGYIDFIPGEDEGDLEEQYNAQLAKLDTSEGVLFLVDTYGGDPYNAAQHIVTDRDNYDVIAGVNLPMLVATLEARKENPSYDELVALAIKTGKEGIRQVD,TIAIVIGTHGWAAEQLLKTAEMLLGEQENVGWIDFVPGENAETLIEKYNAQLAKLDTTKGVLFLVDTWGGSPFNAASRIVVDKEHYEVIAGVNIPMLVETLMARDDDPSFDELVALAVETGREGVKALK,0.9916141842149452,ts50
1h4aX,GNITLFEDEGFQGRSFTLTSDDPNLDPYLDRCNSARVESGCWMLYEQPNFSGRSYYLTRGDYSDYTEWQGDSDKVRSAKLVPNSGDFKIDLFEQEDFQGYCIVFTEDCSDLQRHFPYSEVHSLHVVKGSWVLYEQVNFQGRQYLLTPGDYPYFVDWGATNSRIGSLKAVVDLQ,GKITLYEDRGFQGRHYECSSDHPNLQPYLSRCNSARVDSGCWMLYEQPNYSGLQYFLHRGDYADHQQWMGLSDSVRSCRLIPHSGSHRIRLYEREDYRGQMIEFTEDCSCLQDRFRFNEIHSLNVLEGSWVLYELSNYRGRQYLLMPGDYRRYQDWGATNARVGSLRRVIDFS,0.9894373218873356,ts50
1dx5I,EKPYDPCLSAVCQHTCKPLNEITYECVCQEGFSPIPSLPTKCEKVCEDDSCPADCDPEQQNNCYCPEGYTLHDGDVCRQVNYCAEGGYCTGTCTQLPGTFVCMCGPEQASSGYEGTNC,VEPVDPCFRANCEYQCQPLDQTSYLCVCAEGFAPIPHEPHRCQMFCNQTACPADCDPNTQASCECPEGYILDDGFICTDIDECENGGFCSGVCHNLPGTFECICGPDSALAGQIGTDC,0.3826038544982253,ts50
1i8nA,VTFTDGDGNCWTEKPGWKLPKDLLKKTIFTSREQARHNCKNSQKRPRCHIIQVDTKTNECYFNREEETNLSTLASQEPNVECWYLHKCS,ETITAGNEDCWSKRPGWKLPDNLLTKTEFTSVDECRKMCEESAVEPSCYILQINTETNECYRNNEGDVTWSSLQYDQPNVVQWHLHACS,0.7397675446490873,ts50
1pdoA,MIAIVIGTHGYAASNLLEAAETVLGTQDNVGYVDYVPGENEEDLVDQYEDKLAQLDTSKGVLFLVDRFGGAPYNAAQRLVENQENFCVIAGVNLPMLVATLLAREKDPTFEELVDKARATGKEGVREKT,TIAIVIGTHGWAAEQLLKTAEMLLGEQENVGWIDFVPGENAETLIEKYNAQLAKLDTTKGVLFLVDTWGGSPFNAASRIVVDKEHYEVIAGVNIPMLVETLMARDDDPSFDELVALAVETGREGVKALK,0.9919014179053972,ts50
1h4aX,GEITLYENEGFRGHSYTLTSDNPNLRPNLDRCESAIVYSGCWMLYEQPNFSGRSYYLTRGDYPHYTEWQGTSDRVRSALLVPASDDYSIDLYEEQYFQGSCVSFTENCSNLQKHFPYDSVHSLKVVEGSWVLYQEADYLGRQYLLQPGQYNDYTDWGADDAKVGSLKAVVDEQ,GKITLYEDRGFQGRHYECSSDHPNLQPYLSRCNSARVDSGCWMLYEQPNYSGLQYFLHRGDYADHQQWMGLSDSVRSCRLIPHSGSHRIRLYEREDYRGQMIEFTEDCSCLQDRFRFNEIHSLNVLEGSWVLYELSNYRGRQYLLMPGDYRRYQDWGATNARVGSLRRVIDFS,0.9915572758648352,ts50
1dx5I,ISPKDPCENADCEVTCVPINETTYRCVCHEGYEPIPEKPNQCIQTCDRESCPADCDPLKANFCYCPEGYRLSDGQTCTAIDFCAQGGNCTGSCHQLPGSFTCWCGPDDETKGRIGTNC,VEPVDPCFRANCEYQCQPLDQTSYLCVCAEGFAPIPHEPHRCQMFCNQTACPADCDPNTQASCECPEGYILDDGFICTDIDECENGGFCSGVCHNLPGTFECICGPDSALAGQIGTDC,0.4137890136649604,ts50
1i8nA,DTFTAGNGNCWSTIPGWQLPAELLRLTSFTSRDTCLKACADNKKKPICHVLQVDTTTNECFFNNEEDTNFSHLTTDEPNVQSWYLEKCT,ETITAGNEDCWSKRPGWKLPDNLLTKTEFTSVDECRKMCEESAVEPSCYILQINTETNECYRNNEGDVTWSSLQYDQPNVVQWHLHACS,0.7109098897115994,ts50
1pdoA,AIAVVIGTHGFEASSLLATAEVILGELENVGYINYIPGENTEDLIEQYNEVLDQLDTSDGVLFLVDEFGGMPYLAAMRLVKDQENYDVIAGVNLPMLVATLKARDQNPTFDELVDLARRTGIKGVKLLE,TIAIVIGTHGWAAEQLLKTAEMLLGEQENVGWIDFVPGENAETLIEKYNAQLAKLDTTKGVLFLVDTWGGSPFNAASRIVVDKEHYEVIAGVNIPMLVETLMARDDDPSFDELVALAVETGREGVKALK,0.99000813016874,ts50
1h4aX,GKITLFEEEGFRGQSFTLTADHPDLRPFLDQCESAKVHSGCWMLYEEPNFSGQSYYLKRGDYPTHTEWQGDSDEVRSALLVPASGDHEIDLYEQEDFQGTCITFSEDCDDLTSHFPFNTVHSCRVNSGSWVLYERRNFQGRQYLLQPGQYPYYQDIGATNARVGSLLRCKDDN,GKITLYEDRGFQGRHYECSSDHPNLQPYLSRCNSARVDSGCWMLYEQPNYSGLQYFLHRGDYADHQQWMGLSDSVRSCRLIPHSGSHRIRLYEREDYRGQMIEFTEDCSCLQDRFRFNEIHSLNVLEGSWVLYELSNYRGRQYLLMPGDYRRYQDWGATNARVGSLRRVIDFS,0.989749653360834,ts50
1dx5I,ISPQDPCQAANCEFSCKPLNEYTYRCVCHEGFAPIPDKPTYCRQTCRHRSCPSDCQPDEELFCFCPAGYMLHDGQTCKVVNYCSEGGFCNGICLDLPGSFMCFCGPESQEQGLTGTNC,VEPVDPCFRANCEYQCQPLDQTSYLCVCAEGFAPIPHEPHRCQMFCNQTACPADCDPNTQASCECPEGYILDDGFICTDIDECENGGFCSGVCHNLPGTFECICGPDSALAGQIGTDC,0.4394832839638642,ts50
1i8nA,DTLTAGDGHCWSYMPGFRLPAALLRLTAFTSVDEAKEHCANSTLRPKCYVLQIDTKTQECYMNNEEVMSFSTLKFAEPNVEAYFLKHCR,ETITAGNEDCWSKRPGWKLPDNLLTKTEFTSVDECRKMCEESAVEPSCYILQINTETNECYRNNEGDVTWSSLQYDQPNVVQWHLHACS,0.7284628894254813,ts50
2cviA,MVTAFIFMVTERGTEEEVKEKLRARPEVKEVFVVEGEYDLVVFVETETLDDLDEFVFDDIAEMPEIELTETFVYVIDDWFARY,MVTAFILMVTAAGKEREVMEKLLAMPEVKEAYVVYGEYDLIVKVETDTLKDLDQFITEKIRKMPEIQMTSTMIAILEHHHHHH,0.9134606211254772,ts50
3a4rA,GPLGAEQLSLRVKGGREHERMSRQLSPDEPMQVLMERYRQAMGQQGKTLQFYFNGKRLTGSELPADLGLKSGDFIQVRG,GPLGSQELRLRVQGKEKHQMLEISLSPDSPLKVLMSHYEEAMGLSGHKLSFFFDGTKLSGKELPADLGLESGDLIEVWG,0.9462360089442268,ts50
1lpbA,ATTLNKNVGEPCTNSKECKNKCCKHDTDDSECVCKNQARRNKECQKESDYGTYFHCPCRTGLVCIGDFTKLGQKTNSNFGFCERR,GIIINLDEGELCLNSAQCKSNCCQHDTILSLSRCALKARENSECSAFTLYGVYYKCPCERGLTCEGDKSLVGSITNTNFGICHNV,0.7970851376796103,ts50
1mr1C,MFLKIFHNAFGAHTGILIPERYISPNTDCIQCNDCRQSFPPKDFVDHSHGDIPKNTEVEGYESADWQVYIKLSETYENSILQAKYGELLDKVKAKFE,SHMRVYHECFGKCKGLLVPELYSSPSAACIQCLDCRLMYPPHKFVVHSHKALENRTCHWGFDSANWRAYILLSQDYTGKEEQARLGRCLDDVKEKFD,0.7526620483801627,ts50
2cviA,MVEAFIFMSTQIGTEEEVKEKLLARPEVKEAYAVEGVYDLVVYVETETLRALVRFVFNDLREMPEILRTSTNIWTEDEEFKRW,MVTAFILMVTAAGKEREVMEKLLAMPEVKEAYVVYGEYDLIVKVETDTLKDLDQFITEKIRKMPEIQMTSTMIAILEHHHHHH,0.9116324856202258,ts50
3a4rA,GPLGSEMLELQVQGGRGNQRLQVCLSPDEPMRTLMDRYAEHMGKHGEDLTFYYQGRKLEGEELPYDLGLRSGDRVKVQG,GPLGSQELRLRVQGKEKHQMLEISLSPDSPLKVLMSHYEEAMGLSGHKLSFFFDGTKLSGKELPADLGLESGDLIEVWG,0.8905679615378397,ts50
1lpbA,AEETNLNVGQPCLNSDECKSKCCIKNEEKKECVCSMRAKEDTHCEKETLYGTYYYCPCQDGLICKGVETEEGKVNNTNFGYCEKK,GIIINLDEGELCLNSAQCKSNCCQHDTILSLSRCALKARENSECSAFTLYGVYYKCPCERGLTCEGDKSLVGSITNTNFGICHNV,0.7676477149908292,ts50
1mr1C,MELHVNHDTFGSHTGYLIPELYTSPDTDCIMCSDCKKLLPPAEFVVHSHNDVPEDTHWTGFDKDDCNLYIKLADSYAGDTDQKENGELLEELKKKFD,SHMRVYHECFGKCKGLLVPELYSSPSAACIQCLDCRLMYPPHKFVVHSHKALENRTCHWGFDSANWRAYILLSQDYTGKEEQARLGRCLDDVKEKFD,0.9127037641734308,ts50
2cviA,MINAWIFCKTEDGTENEVKDKLMARPEVKEVWVVEGNYDLVVRVETQTLDDLAQFVTNDLREMPEIKKTSTLIQVWFKTYYHR,MVTAFILMVTAAGKEREVMEKLLAMPEVKEAYVVYGEYDLIVKVETDTLKDLDQFITEKIRKMPEIQMTSTMIAILEHHHHHH,0.9409127138995216,ts50
3a4rA,GPLGNTLLRLKVQGGREDERMSLQLSPDEPMRVLMDRYRRHMGQLGEHLTFYFQGRKLSGKELPYDLGLQSGDLVMVRG,GPLGSQELRLRVQGKEKHQMLEISLSPDSPLKVLMSHYEEAMGLSGHKLSFFFDGTKLSGKELPADLGLESGDLIEVWG,0.9081494776756706,ts50
1lpbA,GDTMGLNVGEPCTNSRQCKNNCCLHDTYTAECYCAKKAKANGFCQVNTNFGTWHFCPCQDGLVCVGEVTATGRVQNTNFGRCRVK,GIIINLDEGELCLNSAQCKSNCCQHDTILSLSRCALKARENSECSAFTLYGVYYKCPCERGLTCEGDKSLVGSITNTNFGICHNV,0.8345556147219669,ts50
1mr1C,MYLGVFHDNLGSNTGTLIPERYTDPDTDCIRCSACLQLLPPENFVIHSHKTIPADTVLEGFFGEDWREYILLSDSYEDAELEKEKGALLEDLKEKYE,SHMRVYHECFGKCKGLLVPELYSSPSAACIQCLDCRLMYPPHKFVVHSHKALENRTCHWGFDSANWRAYILLSQDYTGKEEQARLGRCLDDVKEKFD,0.9007168105584457,ts50
2cviA,MIIAFIFMVTEEGTEEEVKRKLLARPEVKEVYVVEGDYDLVVKVETETLEDLYRFIYEDLREFPEIEQTRTLVFRIHEEYMSF,MVTAFILMVTAAGKEREVMEKLLAMPEVKEAYVVYGEYDLIVKVETDTLKDLDQFITEKIRKMPEIQMTSTMIAILEHHHHHH,0.897355681222837,ts50
3a4rA,GPLGDELLTLVVQGQRRNQLLQLLLSPDEPMQVLQDAYRTHMGLQGLELTFYYNGRALTGYELPSDLGLKSGDFVEVRG,GPLGSQELRLRVQGKEKHQMLEISLSPDSPLKVLMSHYEEAMGLSGHKLSFFFDGTKLSGKELPADLGLESGDLIEVWG,0.9637206025109452,ts50
1lpbA,DQTRNLNVGEPCTHSSECKNRCCLRHTETQECFCSKKAPKNKSCEKFSSFGTYFHCPCVEGLTCVGVITESGRITNSNFGFCKVN,GIIINLDEGELCLNSAQCKSNCCQHDTILSLSRCALKARENSECSAFTLYGVYYKCPCERGLTCEGDKSLVGSITNTNFGICHNV,0.8242008343659364,ts50
1mr1C,MWLFVFHNVFGRHSGIFVPELYTDPDTACIQCDVCELLLPPADFVTHSHHAIPKNTAFKGFDAAEWNRYIKLSDKYKNDTTVAEMGKMLNDVKEKYR,SHMRVYHECFGKCKGLLVPELYSSPSAACIQCLDCRLMYPPHKFVVHSHKALENRTCHWGFDSANWRAYILLSQDYTGKEEQARLGRCLDDVKEKFD,0.9006684810322205,ts50
2xcjA,MYTLSQKLVLMRQSEALSRTQLSELSGVPRWTLSLYETGRRTPPLDVLQTLLDYDQFKKYRLWFENNKVDPENGQIAPDKAHFK,SNTISEKIVLMRKSEYLSRQQLADLTGVPYGTLSYYESGRSTPPTDVMMNILQTPQFTKYTLWFMTNQIAPESGQIAPALAHFG,0.9661935319527444,ts50
2xdgA,SLRDMKRDCLLYKNKEPAMEAGCPAVFDGLLCWPNANYGESIVLPCPLRYDHFSDNSGKVKRECREVGWSEPSPPFPVACPVPVEECDK,MLREDESACLQAAEEMPQTTLGCPATWDGLLCWPTAGSGEWVTLPCPDFFSHFSSESGAVKRDCTITGWSEPFPPYPVACPVPLELLAE,0.9064370012098844,ts50
2xcjA,ALTLSEKLVLMRQSEELSRTELSEKSGVPKGTLRAYESGASTPPHPVMTKLLNTPEFEKYRLWFNHNKVDPEEGQIAPALAKYA,SNTISEKIVLMRKSEYLSRQQLADLTGVPYGTLSYYESGRSTPPTDVMMNILQTPQFTKYTLWFMTNQIAPESGQIAPALAHFG,0.9749534686595548,ts50
2xdgA,VLKELKKACLEAQRREPTELHGCPAIYDGRLCWPNAKFGESVVLPCPETYSKYSDSKGSVRRWCTSTGWSEPTPPYPAACPTPSALCSD,MLREDESACLQAAEEMPQTTLGCPATWDGLLCWPTAGSGEWVTLPCPDFFSHFSSESGAVKRDCTITGWSEPFPPYPVACPVPLELLAE,0.9206034722921054,ts50
2xcjA,SFTMSEKLVLMRKSNNLTREQLSDASGVPKSTLKKYESGQRNPPVPVMEELLNVDEFTKYRQWFHLNKVDPEHGQVAPDDANYV,SNTISEKIVLMRKSEYLSRQQLADLTGVPYGTLSYYESGRSTPPTDVMMNILQTPQFTKYTLWFMTNQIAPESGQIAPALAHFG,0.9740844328110188,ts50
2xdgA,SLKDTKKACLERKNKEPEYTSGCPAVWDGYNCWPRMGYGESVVLPCPIGFALFSEDAGSVEIVCTTTGWSQPEPPYPVACPVPSVLCDS,MLREDESACLQAAEEMPQTTLGCPATWDGLLCWPTAGSGEWVTLPCPDFFSHFSSESGAVKRDCTITGWSEPFPPYPVACPVPLELLAE,0.940572921285987,ts50
2xcjA,AMTLSEKLVLMRESEKLTRREISDKTGVPKSTLTKYESGKQTPPADVMLTILNFDQFQKYRLWYRHDRVDPEQGQVAPSLADFA,SNTISEKIVLMRKSEYLSRQQLADLTGVPYGTLSYYESGRSTPPTDVMMNILQTPQFTKYTLWFMTNQIAPESGQIAPALAHFG,0.9319118340812824,ts50
2xdgA,DREELRRACLEWARSEPQDEEGCPMVWDGKLCWPTMNVGECIVLPCPAEYSYFSTESGSVERHCTETGWSEPFPDYPVACPVPWILCFE,MLREDESACLQAAEEMPQTTLGCPATWDGLLCWPTAGSGEWVTLPCPDFFSHFSSESGAVKRDCTITGWSEPFPPYPVACPVPLELLAE,0.947680363880954,ts50
